"","Target","Source","N","Scountry","Sregion","Tcountry","Tregion","Sairport","Tairport"
"1","ALA","HKG",3,"China","China","Kazakhstan","Central Asia","Hong Kong International Airport","Almaty International Airport"
"2","ALA","PEK",7,"China","China","Kazakhstan","Central Asia","Beijing Capital International Airport","Almaty International Airport"
"3","ALA","URC",14,"China","China","Kazakhstan","Central Asia","Urumqi Diwopu International Airport","Almaty International Airport"
"4","ASB","URC",4,"China","China","Turkmenistan","Central Asia","Urumqi Diwopu International Airport","Ashgabat International Airport"
"5","AUH","CTU",4,"China","China","United Arab Emirates","West Asia & North Africa","Chengdu Shuangliu International Airport","Abu Dhabi International Airport"
"6","AUH","HKG",6,"China","China","United Arab Emirates","West Asia & North Africa","Hong Kong International Airport","Abu Dhabi International Airport"
"7","AUH","PEK",11,"China","China","United Arab Emirates","West Asia & North Africa","Beijing Capital International Airport","Abu Dhabi International Airport"
"8","AUH","PVG",12,"China","China","United Arab Emirates","West Asia & North Africa","Shanghai Pudong International Airport","Abu Dhabi International Airport"
"9","BKI","CAN",7,"China","China","Malaysia","Southeast Asia","Guangzhou Baiyun International Airport","Kota Kinabalu International Airport"
"10","BKI","HGH",7,"China","China","Malaysia","Southeast Asia","Hangzhou Xiaoshan International Airport","Kota Kinabalu International Airport"
"11","BKI","HKG",37,"China","China","Malaysia","Southeast Asia","Hong Kong International Airport","Kota Kinabalu International Airport"
"12","BKI","PVG",4,"China","China","Malaysia","Southeast Asia","Shanghai Pudong International Airport","Kota Kinabalu International Airport"
"13","BKI","SZX",7,"China","China","Malaysia","Southeast Asia","Shenzhen Bao'an International Airport","Kota Kinabalu International Airport"
"14","BKI","TPE",21,"China","China","Malaysia","Southeast Asia","Taiwan Taoyuan International Airport","Kota Kinabalu International Airport"
"15","BKK","CAN",66,"China","China","Thailand","Southeast Asia","Guangzhou Baiyun International Airport","Bangkok Suvarnabhumi Airport"
"16","BKK","CGO",10,"China","China","Thailand","Southeast Asia","Zhengzhou Xinzheng International Airport","Bangkok Suvarnabhumi Airport"
"17","BKK","CKG",14,"China","China","Thailand","Southeast Asia","Chongqing Jiangbei International Airport","Bangkok Suvarnabhumi Airport"
"18","BKK","CSX",8,"China","China","Thailand","Southeast Asia","Changsha Huanghua International Airport","Bangkok Suvarnabhumi Airport"
"19","BKK","CTU",17,"China","China","Thailand","Southeast Asia","Chengdu Shuangliu International Airport","Bangkok Suvarnabhumi Airport"
"20","BKK","HAK",4,"China","China","Thailand","Southeast Asia","Haikou Meilan International Airport","Bangkok Suvarnabhumi Airport"
"21","BKK","HGH",12,"China","China","Thailand","Southeast Asia","Hangzhou Xiaoshan International Airport","Bangkok Suvarnabhumi Airport"
"22","BKK","HKG",171,"China","China","Thailand","Southeast Asia","Hong Kong International Airport","Bangkok Suvarnabhumi Airport"
"23","BKK","KHH",5,"China","China","Thailand","Southeast Asia","Kaohsiung  International Airport","Bangkok Suvarnabhumi Airport"
"24","BKK","KHN",1,"China","China","Thailand","Southeast Asia","Nanchang Changbei International Airport","Bangkok Suvarnabhumi Airport"
"25","BKK","KMG",17,"China","China","Thailand","Southeast Asia","Kunming Changshui International Airport","Bangkok Suvarnabhumi Airport"
"26","BKK","MFM",32,"China","China","Thailand","Southeast Asia","Aeroporto Internacional de Macau","Bangkok Suvarnabhumi Airport"
"27","BKK","NGB",4,"China","China","Thailand","Southeast Asia","Ningbo Lishe International Airport","Bangkok Suvarnabhumi Airport"
"28","BKK","NKG",2,"China","China","Thailand","Southeast Asia","Nanjing Lukou International Airport","Bangkok Suvarnabhumi Airport"
"29","BKK","NNG",4,"China","China","Thailand","Southeast Asia","Nanning Wuxu International Airport","Bangkok Suvarnabhumi Airport"
"30","BKK","PEK",40,"China","China","Thailand","Southeast Asia","Beijing Capital International Airport","Bangkok Suvarnabhumi Airport"
"31","BKK","PVG",95,"China","China","Thailand","Southeast Asia","Shanghai Pudong International Airport","Bangkok Suvarnabhumi Airport"
"32","BKK","SWA",7,"China","China","Thailand","Southeast Asia","Jieyang Chaoshan International Airport","Bangkok Suvarnabhumi Airport"
"33","BKK","SZX",14,"China","China","Thailand","Southeast Asia","Shenzhen Bao'an International Airport","Bangkok Suvarnabhumi Airport"
"34","BKK","TNA",1,"China","China","Thailand","Southeast Asia","Jinan Yaoqiang International Airport","Bangkok Suvarnabhumi Airport"
"35","BKK","TPE",86,"China","China","Thailand","Southeast Asia","Taiwan Taoyuan International Airport","Bangkok Suvarnabhumi Airport"
"36","BKK","TSN",7,"China","China","Thailand","Southeast Asia","Tianjin Binhai International Airport","Bangkok Suvarnabhumi Airport"
"37","BKK","TYN",1,"China","China","Thailand","Southeast Asia","Taiyuan Wusu International Airport","Bangkok Suvarnabhumi Airport"
"38","BKK","WUH",17,"China","China","Thailand","Southeast Asia","Wuhan Tianhe International Airport","Bangkok Suvarnabhumi Airport"
"39","BKK","XIY",7,"China","China","Thailand","Southeast Asia","Xi'an Xianyang International Airport","Bangkok Suvarnabhumi Airport"
"40","BKK","XMN",5,"China","China","Thailand","Southeast Asia","Xiamen Gaoqi International Airport","Bangkok Suvarnabhumi Airport"
"41","BLR","HKG",10,"China","China","India","South Asia","Hong Kong International Airport","Bangalore Kempegowda International Airport"
"42","BOM","HKG",24,"China","China","India","South Asia","Hong Kong International Airport","Mumbai Chhatrapati Shivaji International Airport"
"43","BWN","HKG",1,"China","China","Brunei","Southeast Asia","Hong Kong International Airport","Brunei International Airport"
"44","BWN","PVG",2,"China","China","Brunei","Southeast Asia","Shanghai Pudong International Airport","Brunei International Airport"
"45","CAI","CAN",5,"China","China","Egypt","West Asia & North Africa","Guangzhou Baiyun International Airport","Cairo International Airport"
"46","CAI","PEK",3,"China","China","Egypt","West Asia & North Africa","Beijing Capital International Airport","Cairo International Airport"
"47","CCU","HKG",5,"China","China","India","South Asia","Hong Kong International Airport","Kolkata International Airport"
"48","CCU","KMG",7,"China","China","India","South Asia","Kunming Changshui International Airport","Kolkata International Airport"
"49","CEB","HKG",17,"China","China","Philippines","Southeast Asia","Hong Kong International Airport","Cebu Mactan International Airport"
"50","CEI","KMG",3,"China","China","Thailand","Southeast Asia","Kunming Changshui International Airport","Chiang Rai International Airport"
"51","CGK","CAN",14,"China","China","Indonesia","Southeast Asia","Guangzhou Baiyun International Airport","Jakarta Soekarno Hatta International Airport"
"52","CGK","FOC",4,"China","China","Indonesia","Southeast Asia","Fuzhou Changle International Airport","Jakarta Soekarno Hatta International Airport"
"53","CGK","HKG",45,"China","China","Indonesia","Southeast Asia","Hong Kong International Airport","Jakarta Soekarno Hatta International Airport"
"54","CGK","NNG",2,"China","China","Indonesia","Southeast Asia","Nanning Wuxu International Airport","Jakarta Soekarno Hatta International Airport"
"55","CGK","PEK",7,"China","China","Indonesia","Southeast Asia","Beijing Capital International Airport","Jakarta Soekarno Hatta International Airport"
"56","CGK","PVG",6,"China","China","Indonesia","Southeast Asia","Shanghai Pudong International Airport","Jakarta Soekarno Hatta International Airport"
"57","CGK","TPE",31,"China","China","Indonesia","Southeast Asia","Taiwan Taoyuan International Airport","Jakarta Soekarno Hatta International Airport"
"58","CGK","XMN",6,"China","China","Indonesia","Southeast Asia","Xiamen Gaoqi International Airport","Jakarta Soekarno Hatta International Airport"
"59","CMB","CAN",3,"China","China","Sri Lanka","South Asia","Guangzhou Baiyun International Airport","Colombo Bandaranaike International Airport"
"60","CMB","HKG",10,"China","China","Sri Lanka","South Asia","Hong Kong International Airport","Colombo Bandaranaike International Airport"
"61","CMB","KMG",3,"China","China","Sri Lanka","South Asia","Kunming Changshui International Airport","Colombo Bandaranaike International Airport"
"62","CMB","PEK",5,"China","China","Sri Lanka","South Asia","Beijing Capital International Airport","Colombo Bandaranaike International Airport"
"63","CMB","PVG",5,"China","China","Sri Lanka","South Asia","Shanghai Pudong International Airport","Colombo Bandaranaike International Airport"
"64","CNX","CKG",2,"China","China","Thailand","Southeast Asia","Chongqing Jiangbei International Airport","Chiang Mai International Airport"
"65","CNX","CTU",2,"China","China","Thailand","Southeast Asia","Chengdu Shuangliu International Airport","Chiang Mai International Airport"
"66","CNX","HKG",15,"China","China","Thailand","Southeast Asia","Hong Kong International Airport","Chiang Mai International Airport"
"67","CNX","KMG",7,"China","China","Thailand","Southeast Asia","Kunming Changshui International Airport","Chiang Mai International Airport"
"68","CNX","MFM",7,"China","China","Thailand","Southeast Asia","Aeroporto Internacional de Macau","Chiang Mai International Airport"
"69","CNX","PVG",3,"China","China","Thailand","Southeast Asia","Shanghai Pudong International Airport","Chiang Mai International Airport"
"70","CRK","HKG",27,"China","China","Philippines","Southeast Asia","Hong Kong International Airport","Angeles City Clark International Airport"
"71","CRK","MFM",4,"China","China","Philippines","Southeast Asia","Aeroporto Internacional de Macau","Angeles City Clark International Airport"
"72","DAC","CAN",4,"China","China","Bangladesh","South Asia","Guangzhou Baiyun International Airport","Dhaka Shahjalal International Airport"
"73","DAC","HKG",12,"China","China","Bangladesh","South Asia","Hong Kong International Airport","Dhaka Shahjalal International Airport"
"74","DAC","KMG",7,"China","China","Bangladesh","South Asia","Kunming Changshui International Airport","Dhaka Shahjalal International Airport"
"75","DAD","CAN",7,"China","China","Viet Nam","Southeast Asia","Guangzhou Baiyun International Airport","Da Nang International Airport"
"76","DAD","CTU",3,"China","China","Viet Nam","Southeast Asia","Chengdu Shuangliu International Airport","Da Nang International Airport"
"77","DAD","HGH",3,"China","China","Viet Nam","Southeast Asia","Hangzhou Xiaoshan International Airport","Da Nang International Airport"
"78","DAD","HKG",4,"China","China","Viet Nam","Southeast Asia","Hong Kong International Airport","Da Nang International Airport"
"79","DAD","KMG",2,"China","China","Viet Nam","Southeast Asia","Kunming Changshui International Airport","Da Nang International Airport"
"80","DAD","MFM",5,"China","China","Viet Nam","Southeast Asia","Aeroporto Internacional de Macau","Da Nang International Airport"
"81","DAD","NKG",2,"China","China","Viet Nam","Southeast Asia","Nanjing Lukou International Airport","Da Nang International Airport"
"82","DAD","PEK",2,"China","China","Viet Nam","Southeast Asia","Beijing Capital International Airport","Da Nang International Airport"
"83","DAD","PVG",2,"China","China","Viet Nam","Southeast Asia","Shanghai Pudong International Airport","Da Nang International Airport"
"84","DAD","SZX",2,"China","China","Viet Nam","Southeast Asia","Shenzhen Bao'an International Airport","Da Nang International Airport"
"85","DEL","CAN",22,"China","China","India","South Asia","Guangzhou Baiyun International Airport","Delhi Indira Gandhi International Airport"
"86","DEL","HKG",30,"China","China","India","South Asia","Hong Kong International Airport","Delhi Indira Gandhi International Airport"
"87","DEL","PEK",11,"China","China","India","South Asia","Beijing Capital International Airport","Delhi Indira Gandhi International Airport"
"88","DEL","PVG",12,"China","China","India","South Asia","Shanghai Pudong International Airport","Delhi Indira Gandhi International Airport"
"89","DEL","TPE",3,"China","China","India","South Asia","Taiwan Taoyuan International Airport","Delhi Indira Gandhi International Airport"
"90","DMK","CAN",14,"China","China","Thailand","Southeast Asia","Guangzhou Baiyun International Airport","Bangkok Don Mueang International Airport"
"91","DMK","CKG",14,"China","China","Thailand","Southeast Asia","Chongqing Jiangbei International Airport","Bangkok Don Mueang International Airport"
"92","DMK","HGH",8,"China","China","Thailand","Southeast Asia","Hangzhou Xiaoshan International Airport","Bangkok Don Mueang International Airport"
"93","DMK","HKG",24,"China","China","Thailand","Southeast Asia","Hong Kong International Airport","Bangkok Don Mueang International Airport"
"94","DMK","KHN",6,"China","China","Thailand","Southeast Asia","Nanchang Changbei International Airport","Bangkok Don Mueang International Airport"
"95","DMK","MFM",24,"China","China","Thailand","Southeast Asia","Aeroporto Internacional de Macau","Bangkok Don Mueang International Airport"
"96","DMK","NGB",3,"China","China","Thailand","Southeast Asia","Ningbo Lishe International Airport","Bangkok Don Mueang International Airport"
"97","DMK","NKG",17,"China","China","Thailand","Southeast Asia","Nanjing Lukou International Airport","Bangkok Don Mueang International Airport"
"98","DMK","SZX",7,"China","China","Thailand","Southeast Asia","Shenzhen Bao'an International Airport","Bangkok Don Mueang International Airport"
"99","DMK","WNZ",1,"China","China","Thailand","Southeast Asia","Wenzhou Longwan International Airport","Bangkok Don Mueang International Airport"
"100","DMK","WUH",14,"China","China","Thailand","Southeast Asia","Wuhan Tianhe International Airport","Bangkok Don Mueang International Airport"
"101","DMK","XIY",7,"China","China","Thailand","Southeast Asia","Xi'an Xianyang International Airport","Bangkok Don Mueang International Airport"
"102","DOH","CAN",7,"China","China","Qatar","West Asia & North Africa","Guangzhou Baiyun International Airport","Doha Hamad International Airport"
"103","DOH","CKG",3,"China","China","Qatar","West Asia & North Africa","Chongqing Jiangbei International Airport","Doha Hamad International Airport"
"104","DOH","CTU",3,"China","China","Qatar","West Asia & North Africa","Chengdu Shuangliu International Airport","Doha Hamad International Airport"
"105","DOH","HKG",14,"China","China","Qatar","West Asia & North Africa","Hong Kong International Airport","Doha Hamad International Airport"
"106","DOH","PEK",7,"China","China","Qatar","West Asia & North Africa","Beijing Capital International Airport","Doha Hamad International Airport"
"107","DOH","PVG",7,"China","China","Qatar","West Asia & North Africa","Shanghai Pudong International Airport","Doha Hamad International Airport"
"108","DPS","HKG",29,"China","China","Indonesia","Southeast Asia","Hong Kong International Airport","Denpasar International Airport"
"109","DPS","PVG",4,"China","China","Indonesia","Southeast Asia","Shanghai Pudong International Airport","Denpasar International Airport"
"110","DPS","TPE",12,"China","China","Indonesia","Southeast Asia","Taiwan Taoyuan International Airport","Denpasar International Airport"
"111","DXB","CAN",16,"China","China","United Arab Emirates","West Asia & North Africa","Guangzhou Baiyun International Airport","Dubai International Airport"
"112","DXB","HKG",45,"China","China","United Arab Emirates","West Asia & North Africa","Hong Kong International Airport","Dubai International Airport"
"113","DXB","KMG",2,"China","China","United Arab Emirates","West Asia & North Africa","Kunming Changshui International Airport","Dubai International Airport"
"114","DXB","PEK",18,"China","China","United Arab Emirates","West Asia & North Africa","Beijing Capital International Airport","Dubai International Airport"
"115","DXB","PVG",21,"China","China","United Arab Emirates","West Asia & North Africa","Shanghai Pudong International Airport","Dubai International Airport"
"116","DYU","URC",3,"China","China","Tajikistan","Central Asia","Urumqi Diwopu International Airport","Dushanbe International Airport"
"117","FRU","URC",8,"China","China","Kyrgyzstan","Central Asia","Urumqi Diwopu International Airport","Bishkek Manas International Airport"
"118","GYD","PEK",3,"China","China","Azerbaijan","West Asia & North Africa","Beijing Capital International Airport","Baku Heydar Aliyev International Airport"
"119","GYD","URC",6,"China","China","Azerbaijan","West Asia & North Africa","Urumqi Diwopu International Airport","Baku Heydar Aliyev International Airport"
"120","HAN","CAN",15,"China","China","Viet Nam","Southeast Asia","Guangzhou Baiyun International Airport","Hanoi Noi Bai International Airport"
"121","HAN","CTU",4,"China","China","Viet Nam","Southeast Asia","Chengdu Shuangliu International Airport","Hanoi Noi Bai International Airport"
"122","HAN","HKG",27,"China","China","Viet Nam","Southeast Asia","Hong Kong International Airport","Hanoi Noi Bai International Airport"
"123","HAN","KHH",7,"China","China","Viet Nam","Southeast Asia","Kaohsiung  International Airport","Hanoi Noi Bai International Airport"
"124","HAN","MFM",2,"China","China","Viet Nam","Southeast Asia","Aeroporto Internacional de Macau","Hanoi Noi Bai International Airport"
"125","HAN","PEK",6,"China","China","Viet Nam","Southeast Asia","Beijing Capital International Airport","Hanoi Noi Bai International Airport"
"126","HAN","PVG",12,"China","China","Viet Nam","Southeast Asia","Shanghai Pudong International Airport","Hanoi Noi Bai International Airport"
"127","HAN","RMQ",2,"China","China","Viet Nam","Southeast Asia","Baicheng Chang'an Airport","Hanoi Noi Bai International Airport"
"128","HAN","TPE",22,"China","China","Viet Nam","Southeast Asia","Taiwan Taoyuan International Airport","Hanoi Noi Bai International Airport"
"129","HKT","CAN",3,"China","China","Thailand","Southeast Asia","Guangzhou Baiyun International Airport","Phuket International Airport"
"130","HKT","CGO",1,"China","China","Thailand","Southeast Asia","Zhengzhou Xinzheng International Airport","Phuket International Airport"
"131","HKT","CKG",7,"China","China","Thailand","Southeast Asia","Chongqing Jiangbei International Airport","Phuket International Airport"
"132","HKT","CTU",14,"China","China","Thailand","Southeast Asia","Chengdu Shuangliu International Airport","Phuket International Airport"
"133","HKT","HGH",8,"China","China","Thailand","Southeast Asia","Hangzhou Xiaoshan International Airport","Phuket International Airport"
"134","HKT","HKG",40,"China","China","Thailand","Southeast Asia","Hong Kong International Airport","Phuket International Airport"
"135","HKT","KMG",3,"China","China","Thailand","Southeast Asia","Kunming Changshui International Airport","Phuket International Airport"
"136","HKT","KWE",1,"China","China","Thailand","Southeast Asia","Guiyang Longdongbao International Airport","Phuket International Airport"
"137","HKT","NKG",3,"China","China","Thailand","Southeast Asia","Nanjing Lukou International Airport","Phuket International Airport"
"138","HKT","PEK",6,"China","China","Thailand","Southeast Asia","Beijing Capital International Airport","Phuket International Airport"
"139","HKT","PVG",31,"China","China","Thailand","Southeast Asia","Shanghai Pudong International Airport","Phuket International Airport"
"140","HKT","SZX",1,"China","China","Thailand","Southeast Asia","Shenzhen Bao'an International Airport","Phuket International Airport"
"141","HKT","WUH",3,"China","China","Thailand","Southeast Asia","Wuhan Tianhe International Airport","Phuket International Airport"
"142","HKT","XIY",1,"China","China","Thailand","Southeast Asia","Xi'an Xianyang International Airport","Phuket International Airport"
"143","HTA","HLD",2,"China","China","Russia","East Europe","Hailar Hulunbuir Airport","Chita Kadala Airport"
"144","HYD","HKG",4,"China","China","India","South Asia","Hong Kong International Airport","Hyderabad Rajiv Gandhi International Airport"
"145","IKA","PEK",2,"China","China","Iran","West Asia & North Africa","Beijing Capital International Airport","Tehran Imam Khomeini International Airport"
"146","IKA","PVG",4,"China","China","Iran","West Asia & North Africa","Shanghai Pudong International Airport","Tehran Imam Khomeini International Airport"
"147","IKA","URC",1,"China","China","Iran","West Asia & North Africa","Urumqi Diwopu International Airport","Tehran Imam Khomeini International Airport"
"148","IKT","HRB",1,"China","China","Russia","East Europe","Harbin Taiping International Airport","Irkutsk International Airport"
"149","IKT","NZH",2,"China","China","Russia","East Europe","Manzhouli Xijiao Airport","Irkutsk International Airport"
"150","IKT","PEK",5,"China","China","Russia","East Europe","Beijing Capital International Airport","Irkutsk International Airport"
"151","ILO","HKG",3,"China","China","Philippines","Southeast Asia","Hong Kong International Airport","Iloilo International Airport"
"152","ISB","PEK",2,"China","China","Pakistan","South Asia","Beijing Capital International Airport","Islamabad Benazir Bhutto International Airport"
"153","ISB","URC",3,"China","China","Pakistan","South Asia","Urumqi Diwopu International Airport","Islamabad Benazir Bhutto International Airport"
"154","IST","CAN",14,"China","China","Turkey","West Asia & North Africa","Guangzhou Baiyun International Airport","Istanbul Ataturk International Airport"
"155","IST","HKG",15,"China","China","Turkey","West Asia & North Africa","Hong Kong International Airport","Istanbul Ataturk International Airport"
"156","IST","PEK",17,"China","China","Turkey","West Asia & North Africa","Beijing Capital International Airport","Istanbul Ataturk International Airport"
"157","IST","PVG",14,"China","China","Turkey","West Asia & North Africa","Shanghai Pudong International Airport","Istanbul Ataturk International Airport"
"158","JED","CAN",4,"China","China","Saudi Arabia","West Asia & North Africa","Guangzhou Baiyun International Airport","Jeddah King Abdulaziz International Airport"
"159","KBL","URC",1,"China","China","Afghanistan","South Asia","Urumqi Diwopu International Airport","Kabul International Airport"
"160","KBP","PEK",2,"China","China","Ukraine","East Europe","Beijing Capital International Airport","Kiev Boryspil International Airport"
"161","KHV","HRB",2,"China","China","Russia","East Europe","Harbin Taiping International Airport","Khabarovsk Novy Airport"
"162","KHV","PEK",7,"China","China","Russia","East Europe","Beijing Capital International Airport","Khabarovsk Novy Airport"
"163","KJA","PEK",8,"China","China","Russia","East Europe","Beijing Capital International Airport","Krasnoyarsk Yemelyanovo Airport"
"164","KLO","HGH",3,"China","China","Philippines","Southeast Asia","Hangzhou Xiaoshan International Airport","Kalibo International Airport"
"165","KLO","PEK",7,"China","China","Philippines","Southeast Asia","Beijing Capital International Airport","Kalibo International Airport"
"166","KLO","PVG",12,"China","China","Philippines","Southeast Asia","Shanghai Pudong International Airport","Kalibo International Airport"
"167","KTM","CAN",7,"China","China","Nepal","South Asia","Guangzhou Baiyun International Airport","Kathmandu Tribhuvan International Airport"
"168","KTM","CTU",6,"China","China","Nepal","South Asia","Chengdu Shuangliu International Airport","Kathmandu Tribhuvan International Airport"
"169","KTM","HKG",8,"China","China","Nepal","South Asia","Hong Kong International Airport","Kathmandu Tribhuvan International Airport"
"170","KTM","KMG",7,"China","China","Nepal","South Asia","Kunming Changshui International Airport","Kathmandu Tribhuvan International Airport"
"171","KTM","LXA",3,"China","China","Nepal","South Asia","Lhasa Gonggar Airport","Kathmandu Tribhuvan International Airport"
"172","KUL","CAN",57,"China","China","Malaysia","Southeast Asia","Guangzhou Baiyun International Airport","Kuala Lumpur International Airport"
"173","KUL","CTU",7,"China","China","Malaysia","Southeast Asia","Chengdu Shuangliu International Airport","Kuala Lumpur International Airport"
"174","KUL","FOC",3,"China","China","Malaysia","Southeast Asia","Fuzhou Changle International Airport","Kuala Lumpur International Airport"
"175","KUL","HGH",8,"China","China","Malaysia","Southeast Asia","Hangzhou Xiaoshan International Airport","Kuala Lumpur International Airport"
"176","KUL","HKG",91,"China","China","Malaysia","Southeast Asia","Hong Kong International Airport","Kuala Lumpur International Airport"
"177","KUL","KMG",10,"China","China","Malaysia","Southeast Asia","Kunming Changshui International Airport","Kuala Lumpur International Airport"
"178","KUL","KWL",4,"China","China","Malaysia","Southeast Asia","Guilin Liangjiang International Airport","Kuala Lumpur International Airport"
"179","KUL","MFM",21,"China","China","Malaysia","Southeast Asia","Aeroporto Internacional de Macau","Kuala Lumpur International Airport"
"180","KUL","NNG",3,"China","China","Malaysia","Southeast Asia","Nanning Wuxu International Airport","Kuala Lumpur International Airport"
"181","KUL","PEK",21,"China","China","Malaysia","Southeast Asia","Beijing Capital International Airport","Kuala Lumpur International Airport"
"182","KUL","PVG",33,"China","China","Malaysia","Southeast Asia","Shanghai Pudong International Airport","Kuala Lumpur International Airport"
"183","KUL","SZX",14,"China","China","Malaysia","Southeast Asia","Shenzhen Bao'an International Airport","Kuala Lumpur International Airport"
"184","KUL","TPE",40,"China","China","Malaysia","Southeast Asia","Taiwan Taoyuan International Airport","Kuala Lumpur International Airport"
"185","KUL","XMN",8,"China","China","Malaysia","Southeast Asia","Xiamen Gaoqi International Airport","Kuala Lumpur International Airport"
"186","LAO","CAN",2,"China","China","Philippines","Southeast Asia","Guangzhou Baiyun International Airport","Laoag City International Airport"
"187","LBD","URC",2,"China","China","Tajikistan","Central Asia","Urumqi Diwopu International Airport","Khudzhand Khujand Airport"
"188","LED","PEK",2,"China","China","Russia","East Europe","Beijing Capital International Airport","St. Petersburg Pulkovo Airport"
"189","LPQ","JHG",2,"China","China","Lao People's Democratic Republic","Southeast Asia","Jinghong Xishuangbanna Gasa Airport","Luang Prabang International Airport"
"190","MAA","HKG",11,"China","China","India","South Asia","Hong Kong International Airport","Chennai International Airport"
"191","MDL","KMG",7,"China","China","Myanmar","Southeast Asia","Kunming Changshui International Airport","Mandalay International Airport"
"192","MLE","HKG",13,"China","China","Maldives","South Asia","Hong Kong International Airport","Male Velana International Airport"
"193","MLE","PEK",7,"China","China","Maldives","South Asia","Beijing Capital International Airport","Male Velana International Airport"
"194","MLE","PVG",4,"China","China","Maldives","South Asia","Shanghai Pudong International Airport","Male Velana International Airport"
"195","MNL","CAN",21,"China","China","Philippines","Southeast Asia","Guangzhou Baiyun International Airport","Manila Ninoy Aquino International Airport"
"196","MNL","HKG",105,"China","China","Philippines","Southeast Asia","Hong Kong International Airport","Manila Ninoy Aquino International Airport"
"197","MNL","JJN",6,"China","China","Philippines","Southeast Asia","Quanzhou Jinjiang Airport","Manila Ninoy Aquino International Airport"
"198","MNL","KHH",4,"China","China","Philippines","Southeast Asia","Kaohsiung  International Airport","Manila Ninoy Aquino International Airport"
"199","MNL","MFM",11,"China","China","Philippines","Southeast Asia","Aeroporto Internacional de Macau","Manila Ninoy Aquino International Airport"
"200","MNL","PEK",27,"China","China","Philippines","Southeast Asia","Beijing Capital International Airport","Manila Ninoy Aquino International Airport"
"201","MNL","PVG",33,"China","China","Philippines","Southeast Asia","Shanghai Pudong International Airport","Manila Ninoy Aquino International Airport"
"202","MNL","TPE",34,"China","China","Philippines","Southeast Asia","Taiwan Taoyuan International Airport","Manila Ninoy Aquino International Airport"
"203","MNL","XMN",17,"China","China","Philippines","Southeast Asia","Xiamen Gaoqi International Airport","Manila Ninoy Aquino International Airport"
"204","OVB","HKG",4,"China","China","Russia","East Europe","Hong Kong International Airport","Novosibirsk Tolmachevo Airport"
"205","OVB","HRB",1,"China","China","Russia","East Europe","Harbin Taiping International Airport","Novosibirsk Tolmachevo Airport"
"206","OVB","PEK",6,"China","China","Russia","East Europe","Beijing Capital International Airport","Novosibirsk Tolmachevo Airport"
"207","OVB","PVG",13,"China","China","Russia","East Europe","Shanghai Pudong International Airport","Novosibirsk Tolmachevo Airport"
"208","OVB","URC",5,"China","China","Russia","East Europe","Urumqi Diwopu International Airport","Novosibirsk Tolmachevo Airport"
"209","PEN","CAN",7,"China","China","Malaysia","Southeast Asia","Guangzhou Baiyun International Airport","Penang International Airport"
"210","PEN","HKG",18,"China","China","Malaysia","Southeast Asia","Hong Kong International Airport","Penang International Airport"
"211","PEN","TPE",4,"China","China","Malaysia","Southeast Asia","Taiwan Taoyuan International Airport","Penang International Airport"
"212","PNH","CAN",14,"China","China","Cambodia","Southeast Asia","Guangzhou Baiyun International Airport","Phnom Penh International Airport"
"213","PNH","HKG",10,"China","China","Cambodia","Southeast Asia","Hong Kong International Airport","Phnom Penh International Airport"
"214","PNH","KMG",3,"China","China","Cambodia","Southeast Asia","Kunming Changshui International Airport","Phnom Penh International Airport"
"215","PNH","NNG",2,"China","China","Cambodia","Southeast Asia","Nanning Wuxu International Airport","Phnom Penh International Airport"
"216","PNH","PVG",7,"China","China","Cambodia","Southeast Asia","Shanghai Pudong International Airport","Phnom Penh International Airport"
"217","PNH","TPE",12,"China","China","Cambodia","Southeast Asia","Taiwan Taoyuan International Airport","Phnom Penh International Airport"
"218","PRG","CTU",2,"China","China","Czech Republic","East Europe","Chengdu Shuangliu International Airport","Prague Vaclav Havel Airport"
"219","REP","CAN",14,"China","China","Cambodia","Southeast Asia","Guangzhou Baiyun International Airport","Siem Reap International Airport"
"220","REP","CTU",2,"China","China","Cambodia","Southeast Asia","Chengdu Shuangliu International Airport","Siem Reap International Airport"
"221","REP","FOC",1,"China","China","Cambodia","Southeast Asia","Fuzhou Changle International Airport","Siem Reap International Airport"
"222","REP","KMG",4,"China","China","Cambodia","Southeast Asia","Kunming Changshui International Airport","Siem Reap International Airport"
"223","REP","PEK",2,"China","China","Cambodia","Southeast Asia","Beijing Capital International Airport","Siem Reap International Airport"
"224","REP","PVG",11,"China","China","Cambodia","Southeast Asia","Shanghai Pudong International Airport","Siem Reap International Airport"
"225","REP","TPE",3,"China","China","Cambodia","Southeast Asia","Taiwan Taoyuan International Airport","Siem Reap International Airport"
"226","REP","XMN",3,"China","China","Cambodia","Southeast Asia","Xiamen Gaoqi International Airport","Siem Reap International Airport"
"227","RGN","CAN",7,"China","China","Myanmar","Southeast Asia","Guangzhou Baiyun International Airport","Yangon International Airport"
"228","RGN","HKG",4,"China","China","Myanmar","Southeast Asia","Hong Kong International Airport","Yangon International Airport"
"229","RGN","KMG",12,"China","China","Myanmar","Southeast Asia","Kunming Changshui International Airport","Yangon International Airport"
"230","RGN","NNG",2,"China","China","Myanmar","Southeast Asia","Nanning Wuxu International Airport","Yangon International Airport"
"231","RGN","PEK",6,"China","China","Myanmar","Southeast Asia","Beijing Capital International Airport","Yangon International Airport"
"232","RGN","TPE",5,"China","China","Myanmar","Southeast Asia","Taiwan Taoyuan International Airport","Yangon International Airport"
"233","RUH","CAN",3,"China","China","Saudi Arabia","West Asia & North Africa","Guangzhou Baiyun International Airport","Riyadh King Khalid International Airport"
"234","SGN","CAN",23,"China","China","Viet Nam","Southeast Asia","Guangzhou Baiyun International Airport","Ho Chi Minh City International Airport"
"235","SGN","HKG",41,"China","China","Viet Nam","Southeast Asia","Hong Kong International Airport","Ho Chi Minh City International Airport"
"236","SGN","KHH",11,"China","China","Viet Nam","Southeast Asia","Kaohsiung  International Airport","Ho Chi Minh City International Airport"
"237","SGN","NNG",2,"China","China","Viet Nam","Southeast Asia","Nanning Wuxu International Airport","Ho Chi Minh City International Airport"
"238","SGN","PEK",8,"China","China","Viet Nam","Southeast Asia","Beijing Capital International Airport","Ho Chi Minh City International Airport"
"239","SGN","PVG",15,"China","China","Viet Nam","Southeast Asia","Shanghai Pudong International Airport","Ho Chi Minh City International Airport"
"240","SGN","RMQ",7,"China","China","Viet Nam","Southeast Asia","Baicheng Chang'an Airport","Ho Chi Minh City International Airport"
"241","SGN","TPE",31,"China","China","Viet Nam","Southeast Asia","Taiwan Taoyuan International Airport","Ho Chi Minh City International Airport"
"242","SIN","CAN",53,"China","China","Singapore","Southeast Asia","Guangzhou Baiyun International Airport","Singapore Changi Airport"
"243","SIN","CGO",7,"China","China","Singapore","Southeast Asia","Zhengzhou Xinzheng International Airport","Singapore Changi Airport"
"244","SIN","CKG",6,"China","China","Singapore","Southeast Asia","Chongqing Jiangbei International Airport","Singapore Changi Airport"
"245","SIN","CSX",5,"China","China","Singapore","Southeast Asia","Changsha Huanghua International Airport","Singapore Changi Airport"
"246","SIN","CTU",17,"China","China","Singapore","Southeast Asia","Chengdu Shuangliu International Airport","Singapore Changi Airport"
"247","SIN","FOC",7,"China","China","Singapore","Southeast Asia","Fuzhou Changle International Airport","Singapore Changi Airport"
"248","SIN","HAK",10,"China","China","Singapore","Southeast Asia","Haikou Meilan International Airport","Singapore Changi Airport"
"249","SIN","HGH",11,"China","China","Singapore","Southeast Asia","Hangzhou Xiaoshan International Airport","Singapore Changi Airport"
"250","SIN","HKG",167,"China","China","Singapore","Southeast Asia","Hong Kong International Airport","Singapore Changi Airport"
"251","SIN","KHH",2,"China","China","Singapore","Southeast Asia","Kaohsiung  International Airport","Singapore Changi Airport"
"252","SIN","KMG",12,"China","China","Singapore","Southeast Asia","Kunming Changshui International Airport","Singapore Changi Airport"
"253","SIN","MFM",12,"China","China","Singapore","Southeast Asia","Aeroporto Internacional de Macau","Singapore Changi Airport"
"254","SIN","NKG",10,"China","China","Singapore","Southeast Asia","Nanjing Lukou International Airport","Singapore Changi Airport"
"255","SIN","NNG",2,"China","China","Singapore","Southeast Asia","Nanning Wuxu International Airport","Singapore Changi Airport"
"256","SIN","PEK",48,"China","China","Singapore","Southeast Asia","Beijing Capital International Airport","Singapore Changi Airport"
"257","SIN","PVG",85,"China","China","Singapore","Southeast Asia","Shanghai Pudong International Airport","Singapore Changi Airport"
"258","SIN","SHE",9,"China","China","Singapore","Southeast Asia","Shenyang Taoxian International Airport","Singapore Changi Airport"
"259","SIN","SWA",3,"China","China","Singapore","Southeast Asia","Jieyang Chaoshan International Airport","Singapore Changi Airport"
"260","SIN","SZX",19,"China","China","Singapore","Southeast Asia","Shenzhen Bao'an International Airport","Singapore Changi Airport"
"261","SIN","TAO",11,"China","China","Singapore","Southeast Asia","Qingdao Liuting International Airport","Singapore Changi Airport"
"262","SIN","TPE",73,"China","China","Singapore","Southeast Asia","Taiwan Taoyuan International Airport","Singapore Changi Airport"
"263","SIN","TSN",10,"China","China","Singapore","Southeast Asia","Tianjin Binhai International Airport","Singapore Changi Airport"
"264","SIN","WUH",8,"China","China","Singapore","Southeast Asia","Wuhan Tianhe International Airport","Singapore Changi Airport"
"265","SIN","XIY",7,"China","China","Singapore","Southeast Asia","Xi'an Xianyang International Airport","Singapore Changi Airport"
"266","SIN","XMN",21,"China","China","Singapore","Southeast Asia","Xiamen Gaoqi International Airport","Singapore Changi Airport"
"267","SUB","HKG",7,"China","China","Indonesia","Southeast Asia","Hong Kong International Airport","Surabaya Juanda International Airport"
"268","SVO","CAN",16,"China","China","Russia","East Europe","Guangzhou Baiyun International Airport","Moscow Sheremetyevo International Airport"
"269","SVO","HKG",12,"China","China","Russia","East Europe","Hong Kong International Airport","Moscow Sheremetyevo International Airport"
"270","SVO","PEK",27,"China","China","Russia","East Europe","Beijing Capital International Airport","Moscow Sheremetyevo International Airport"
"271","SVO","PVG",31,"China","China","Russia","East Europe","Shanghai Pudong International Airport","Moscow Sheremetyevo International Airport"
"272","SVO","URC",4,"China","China","Russia","East Europe","Urumqi Diwopu International Airport","Moscow Sheremetyevo International Airport"
"273","SVX","HRB",2,"China","China","Russia","East Europe","Harbin Taiping International Airport","Yekaterinburg Koltsovo Airport"
"274","SVX","PEK",5,"China","China","Russia","East Europe","Beijing Capital International Airport","Yekaterinburg Koltsovo Airport"
"275","TAS","PEK",4,"China","China","Uzbekistan","Central Asia","Beijing Capital International Airport","Tashkent International Airport"
"276","TAS","URC",1,"China","China","Uzbekistan","Central Asia","Urumqi Diwopu International Airport","Tashkent International Airport"
"277","TBS","URC",3,"China","China","Georgia","West Asia & North Africa","Urumqi Diwopu International Airport","Tbilisi International Airport"
"278","TLV","HKG",5,"China","China","Israel","West Asia & North Africa","Hong Kong International Airport","Tel Aviv Ben Gurion International Airport"
"279","TLV","PEK",3,"China","China","Israel","West Asia & North Africa","Beijing Capital International Airport","Tel Aviv Ben Gurion International Airport"
"280","TSE","PEK",2,"China","China","Kazakhstan","Central Asia","Beijing Capital International Airport","Astana International Airport"
"281","TSE","URC",7,"China","China","Kazakhstan","Central Asia","Urumqi Diwopu International Airport","Astana International Airport"
"282","ULN","ERL",3,"China","China","Mongolia","East Asia","Erenhot Saiwusu International Airport","Ulan Bator Chinggis Khaan International Airport"
"283","ULN","HKG",6,"China","China","Mongolia","East Asia","Hong Kong International Airport","Ulan Bator Chinggis Khaan International Airport"
"284","ULN","PEK",19,"China","China","Mongolia","East Asia","Beijing Capital International Airport","Ulan Bator Chinggis Khaan International Airport"
"285","USM","HKG",15,"China","China","Thailand","Southeast Asia","Hong Kong International Airport","Koh Samui Airport"
"286","USM","KMG",1,"China","China","Thailand","Southeast Asia","Kunming Changshui International Airport","Koh Samui Airport"
"287","UUD","PEK",1,"China","China","Russia","East Europe","Beijing Capital International Airport","Ulan-Ude Airport"
"288","VTE","CAN",3,"China","China","Lao People's Democratic Republic","Southeast Asia","Guangzhou Baiyun International Airport","Vientiane Wattay International Airport"
"289","VTE","KMG",14,"China","China","Lao People's Democratic Republic","Southeast Asia","Kunming Changshui International Airport","Vientiane Wattay International Airport"
"290","VTE","NNG",2,"China","China","Lao People's Democratic Republic","Southeast Asia","Nanning Wuxu International Airport","Vientiane Wattay International Airport"
"291","VVO","HKG",6,"China","China","Russia","East Europe","Hong Kong International Airport","Vladivostok International Airport"
"292","VVO","HRB",2,"China","China","Russia","East Europe","Harbin Taiping International Airport","Vladivostok International Airport"
"293","VVO","PEK",7,"China","China","Russia","East Europe","Beijing Capital International Airport","Vladivostok International Airport"
"294","WAW","PEK",2,"China","China","Poland","East Europe","Beijing Capital International Airport","Warsaw Chopin Airport"
"295","YKS","HRB",1,"China","China","Russia","East Europe","Harbin Taiping International Airport","Yakutsk Airport"
