Source,Target,N
CAN,BKI,7
CAN,BKK,66
CAN,CAI,5
CAN,CGK,14
CAN,CMB,3
CAN,DAC,4
CAN,DAD,7
CAN,DEL,22
CAN,DMK,14
CAN,DOH,7
CAN,DXB,16
CAN,HAN,15
CAN,HKT,3
CAN,IST,14
CAN,JED,4
CAN,KTM,7
CAN,KUL,57
CAN,LAO,2
CAN,MNL,21
CAN,PEN,7
CAN,PNH,14
CAN,REP,14
CAN,RGN,7
CAN,RUH,3
CAN,SGN,23
CAN,SIN,53
CAN,SVO,16
CAN,VTE,3
CGO,BKK,10
CGO,HKT,1
CGO,SIN,7
CKG,BKK,14
CKG,CNX,2
CKG,DMK,14
CKG,DOH,3
CKG,HKT,7
CKG,SIN,6
CSX,BKK,8
CSX,SIN,5
CTU,AUH,4
CTU,BKK,17
CTU,CNX,2
CTU,DAD,3
CTU,DOH,3
CTU,HAN,4
CTU,HKT,14
CTU,KTM,6
CTU,KUL,7
CTU,PRG,2
CTU,REP,2
CTU,SIN,17
ERL,ULN,3
FOC,CGK,4
FOC,KUL,3
FOC,REP,1
FOC,SIN,7
HAK,BKK,4
HAK,SIN,10
HGH,BKI,7
HGH,BKK,12
HGH,DAD,3
HGH,DMK,8
HGH,HKT,8
HGH,KLO,3
HGH,KUL,8
HGH,SIN,11
HKG,ALA,3
HKG,AUH,6
HKG,BKI,37
HKG,BKK,171
HKG,BLR,10
HKG,BOM,24
HKG,BWN,1
HKG,CCU,5
HKG,CEB,17
HKG,CGK,45
HKG,CMB,10
HKG,CNX,15
HKG,CRK,27
HKG,DAC,12
HKG,DAD,4
HKG,DEL,30
HKG,DMK,24
HKG,DOH,14
HKG,DPS,29
HKG,DXB,45
HKG,HAN,27
HKG,HKT,40
HKG,HYD,4
HKG,ILO,3
HKG,IST,15
HKG,KTM,8
HKG,KUL,91
HKG,MAA,11
HKG,MLE,13
HKG,MNL,105
HKG,OVB,4
HKG,PEN,18
HKG,PNH,10
HKG,RGN,4
HKG,SGN,41
HKG,SIN,167
HKG,SUB,7
HKG,SVO,12
HKG,TLV,5
HKG,ULN,6
HKG,USM,15
HKG,VVO,6
HLD,HTA,2
HRB,IKT,1
HRB,KHV,2
HRB,OVB,1
HRB,SVX,2
HRB,VVO,2
HRB,YKS,1
JHG,LPQ,2
JJN,MNL,6
KHH,BKK,5
KHH,HAN,7
KHH,MNL,4
KHH,SGN,11
KHH,SIN,2
KHN,BKK,1
KHN,DMK,6
KMG,BKK,17
KMG,CCU,7
KMG,CEI,3
KMG,CMB,3
KMG,CNX,7
KMG,DAC,7
KMG,DAD,2
KMG,DXB,2
KMG,HKT,3
KMG,KTM,7
KMG,KUL,10
KMG,MDL,7
KMG,PNH,3
KMG,REP,4
KMG,RGN,12
KMG,SIN,12
KMG,USM,1
KMG,VTE,14
KWE,HKT,1
KWL,KUL,4
LXA,KTM,3
MFM,BKK,32
MFM,CNX,7
MFM,CRK,4
MFM,DAD,5
MFM,DMK,24
MFM,HAN,2
MFM,KUL,21
MFM,MNL,11
MFM,SIN,12
NGB,BKK,4
NGB,DMK,3
NKG,BKK,2
NKG,DAD,2
NKG,DMK,17
NKG,HKT,3
NKG,SIN,10
NNG,BKK,4
NNG,CGK,2
NNG,KUL,3
NNG,PNH,2
NNG,RGN,2
NNG,SGN,2
NNG,SIN,2
NNG,VTE,2
NZH,IKT,2
PEK,ALA,7
PEK,AUH,11
PEK,BKK,40
PEK,CAI,3
PEK,CGK,7
PEK,CMB,5
PEK,DAD,2
PEK,DEL,11
PEK,DOH,7
PEK,DXB,18
PEK,GYD,3
PEK,HAN,6
PEK,HKT,6
PEK,IKA,2
PEK,IKT,5
PEK,ISB,2
PEK,IST,17
PEK,KBP,2
PEK,KHV,7
PEK,KJA,8
PEK,KLO,7
PEK,KUL,21
PEK,LED,2
PEK,MLE,7
PEK,MNL,27
PEK,OVB,6
PEK,REP,2
PEK,RGN,6
PEK,SGN,8
PEK,SIN,48
PEK,SVO,27
PEK,SVX,5
PEK,TAS,4
PEK,TLV,3
PEK,TSE,2
PEK,ULN,19
PEK,UUD,1
PEK,VVO,7
PEK,WAW,2
PVG,AUH,12
PVG,BKI,4
PVG,BKK,95
PVG,BWN,2
PVG,CGK,6
PVG,CMB,5
PVG,CNX,3
PVG,DAD,2
PVG,DEL,12
PVG,DOH,7
PVG,DPS,4
PVG,DXB,21
PVG,HAN,12
PVG,HKT,31
PVG,IKA,4
PVG,IST,14
PVG,KLO,12
PVG,KUL,33
PVG,MLE,4
PVG,MNL,33
PVG,OVB,13
PVG,PNH,7
PVG,REP,11
PVG,SGN,15
PVG,SIN,85
PVG,SVO,31
RMQ,HAN,2
RMQ,SGN,7
SHE,SIN,9
SWA,BKK,7
SWA,SIN,3
SZX,BKI,7
SZX,BKK,14
SZX,DAD,2
SZX,DMK,7
SZX,HKT,1
SZX,KUL,14
SZX,SIN,19
TAO,SIN,11
TNA,BKK,1
TPE,BKI,21
TPE,BKK,86
TPE,CGK,31
TPE,DEL,3
TPE,DPS,12
TPE,HAN,22
TPE,KUL,40
TPE,MNL,34
TPE,PEN,4
TPE,PNH,12
TPE,REP,3
TPE,RGN,5
TPE,SGN,31
TPE,SIN,73
TSN,BKK,7
TSN,SIN,10
TYN,BKK,1
URC,ALA,14
URC,ASB,4
URC,DYU,3
URC,FRU,8
URC,GYD,6
URC,IKA,1
URC,ISB,3
URC,KBL,1
URC,LBD,2
URC,OVB,5
URC,SVO,4
URC,TAS,1
URC,TBS,3
URC,TSE,7
WNZ,DMK,1
WUH,BKK,17
WUH,DMK,14
WUH,HKT,3
WUH,SIN,8
XIY,BKK,7
XIY,DMK,7
XIY,HKT,1
XIY,SIN,7
XMN,BKK,5
XMN,CGK,6
XMN,KUL,8
XMN,MNL,17
XMN,REP,3
XMN,SIN,21
