Source,Target,Weight
BAV,ULN,3
BHY,BKK,2
BPE,DAD,1
CAN,BGW,1
CAN,BKI,21
CAN,BKK,78
CAN,CAI,7
CAN,CGK,21
CAN,CMB,11
CAN,CNX,14
CAN,CXR,16
CAN,DAC,7
CAN,DAD,4
CAN,DEL,16
CAN,DMK,21
CAN,DOH,7
CAN,DPS,18
CAN,DXB,14
CAN,HAN,36
CAN,HKT,17
CAN,IKA,4
CAN,IST,7
CAN,JED,3
CAN,JHB,7
CAN,KBV,7
CAN,KLO,3
CAN,KTM,14
CAN,KUL,56
CAN,LAO,2
CAN,LGK,7
CAN,LHE,2
CAN,MCT,4
CAN,MDC,4
CAN,MNL,33
CAN,PEN,7
CAN,PNH,23
CAN,PQC,4
CAN,REP,25
CAN,RGN,8
CAN,RUH,4
CAN,SGN,40
CAN,SIN,62
CAN,SVO,14
CAN,USM,7
CAN,VTE,6
CGO,BKK,21
CGO,CXR,3
CGO,DMK,7
CGO,HAN,2
CGO,HKT,5
CGO,KBV,4
CGO,REP,6
CGO,SIN,11
CGQ,BKK,4
CGQ,VVO,4
CKG,BKK,8
CKG,CEB,4
CKG,CNX,4
CKG,CXR,10
CKG,DMK,21
CKG,DOH,3
CKG,DPS,3
CKG,DXB,3
CKG,HKT,22
CKG,KBV,3
CKG,KUL,4
CKG,PNH,1
CKG,REP,4
CKG,SIN,14
CKG,SVO,2
CKG,USM,3
CSX,BKK,15
CSX,CEI,4
CSX,CNX,7
CSX,CXR,3
CSX,DMK,21
CSX,DPS,4
CSX,HAN,3
CSX,KBV,3
CSX,KUL,14
CSX,MDC,4
CSX,SIN,5
CSX,VTE,2
CTU,AUH,4
CTU,BKK,27
CTU,CEI,3
CTU,CMB,3
CTU,CNX,4
CTU,CXR,9
CTU,DAD,2
CTU,DMK,6
CTU,DOH,2
CTU,DPS,6
CTU,DXB,4
CTU,HAN,3
CTU,HKT,15
CTU,IKT,3
CTU,KBV,7
CTU,KOS,4
CTU,KTM,22
CTU,KUL,7
CTU,LPQ,3
CTU,PRG,2
CTU,REP,4
CTU,SIN,28
CTU,SVO,2
CTU,URT,4
CTU,USM,5
CZX,CXR,3
CZX,VTE,1
DAT,REP,3
DLC,DMK,3
DSN,BKK,2
DSN,IKT,1
ERL,ULN,7
FOC,BKI,3
FOC,BKK,14
FOC,CEB,2
FOC,CGK,7
FOC,DMK,7
FOC,KUL,10
FOC,REP,2
FOC,SIN,11
HAK,BKK,7
HAK,CEI,1
HAK,CGK,3
HAK,CNX,1
HAK,DAD,2
HAK,HAN,3
HAK,HKT,3
HAK,KUL,4
HAK,LPQ,1
HAK,PEN,2
HAK,PNH,1
HAK,REP,2
HAK,SIN,10
HAK,UTP,3
HAK,VTE,2
HET,HKT,1
HET,ULN,5
HFE,BKK,11
HFE,DAD,2
HFE,DMK,7
HFE,REP,3
HGH,BKI,7
HGH,BKK,15
HGH,CNX,7
HGH,CXR,6
HGH,DAD,4
HGH,DMK,21
HGH,DOH,4
HGH,DPS,3
HGH,HKT,7
HGH,KLO,2
HGH,KUL,11
HGH,REP,3
HGH,SIN,17
HGH,URT,4
HGH,UTP,3
HIA,DMK,2
HKG,ALA,2
HKG,AUH,7
HKG,BKI,21
HKG,BKK,162
HKG,BLR,6
HKG,BOM,25
HKG,BWN,7
HKG,CCU,5
HKG,CEB,15
HKG,CEI,2
HKG,CGK,42
HKG,CMB,12
HKG,CNX,20
HKG,CRK,13
HKG,CXR,4
HKG,DAC,4
HKG,DAD,18
HKG,DEL,27
HKG,DMK,21
HKG,DOH,14
HKG,DPS,27
HKG,DXB,40
HKG,HAN,31
HKG,HKT,35
HKG,HYD,3
HKG,IKT,1
HKG,ILO,2
HKG,IST,6
HKG,KTM,8
HKG,KUL,83
HKG,MAA,6
HKG,MDL,1
HKG,MLE,4
HKG,MNL,109
HKG,OVB,2
HKG,PEN,12
HKG,PNH,18
HKG,REP,7
HKG,RGN,11
HKG,SGN,43
HKG,SIN,155
HKG,SUB,7
HKG,SVO,7
HKG,TLV,12
HKG,ULN,4
HKG,USM,14
HKG,VVO,4
HLD,HTA,2
HLD,ULN,2
HRB,IKT,2
HRB,KHV,3
HRB,KJA,1
HRB,OVB,1
HRB,SVX,2
HRB,VVO,5
HRB,YKS,1
INC,ARH,7
INC,BKK,1
INC,DXB,5
JHG,LPQ,2
JJN,DMK,4
JJN,MNL,12
JJN,SIN,7
KHH,BKK,12
KHH,HAN,7
KHH,KUL,7
KHH,MNL,4
KHH,SGN,15
KHH,SIN,5
KHN,BKK,10
KHN,DMK,11
KHN,DPS,3
KHN,HAN,2
KHN,REP,4
KHN,UTP,4
KMG,BKI,3
KMG,BKK,35
KMG,BWN,2
KMG,CCU,9
KMG,CEB,3
KMG,CEI,3
KMG,CMB,6
KMG,CNX,16
KMG,CXR,11
KMG,DAC,7
KMG,DAD,3
KMG,DEL,4
KMG,DME,3
KMG,DMK,7
KMG,DXB,3
KMG,HAN,5
KMG,HDY,2
KMG,HKT,12
KMG,KBV,4
KMG,KTM,14
KMG,KUL,11
KMG,LPQ,4
KMG,MDL,14
KMG,MNL,3
KMG,NYT,2
KMG,PEN,2
KMG,PNH,4
KMG,PQC,2
KMG,REP,3
KMG,RGN,15
KMG,SGN,3
KMG,SIN,9
KMG,USM,3
KMG,VTE,26
KWE,CXR,3
KWE,DMK,4
KWE,HKT,7
KWE,KUL,2
KWL,CGK,1
KWL,DMK,3
KWL,KUL,4
LHW,BKK,3
LXA,KTM,11
LYA,BKK,4
MFM,BKK,13
MFM,CGK,4
MFM,CNX,7
MFM,CRK,3
MFM,DAD,24
MFM,DMK,34
MFM,DPS,3
MFM,HAN,8
MFM,KUL,14
MFM,MNL,17
MFM,PNH,6
MFM,REP,6
MFM,SIN,9
MFM,UTP,4
NGB,BKK,3
NGB,CXR,3
NGB,DMK,4
NGB,HKT,4
NGB,SIN,1
NKG,BKK,5
NKG,CXR,6
NKG,DAD,2
NKG,DMK,18
NKG,DPS,3
NKG,HAN,2
NKG,HKT,17
NKG,KUL,2
NKG,REP,5
NKG,SIN,8
NNG,BKK,6
NNG,BWN,2
NNG,CXR,3
NNG,DMK,7
NNG,HAN,1
NNG,HKT,1
NNG,KUL,6
NNG,PNH,2
NNG,REP,5
NNG,RGN,1
NNG,SGN,3
NNG,SIN,3
NNG,UTP,3
NNG,VTE,3
NTG,DMK,1
NZH,IKT,3
NZH,KJA,1
NZH,ULN,3
PEK,ALA,8
PEK,ASB,2
PEK,AUH,6
PEK,BKK,45
PEK,BOM,3
PEK,CAI,2
PEK,CGK,7
PEK,CMB,3
PEK,CNX,9
PEK,CXR,2
PEK,DAD,4
PEK,DEL,10
PEK,DOH,7
PEK,DPS,12
PEK,DXB,19
PEK,GYD,2
PEK,HAN,5
PEK,HKT,18
PEK,IKA,9
PEK,IKT,8
PEK,ISB,6
PEK,IST,7
PEK,KBP,7
PEK,KHV,2
PEK,KJA,2
PEK,KLO,2
PEK,KUL,24
PEK,LED,4
PEK,MLE,3
PEK,MNL,15
PEK,MSQ,4
PEK,OVB,5
PEK,PRG,3
PEK,REP,6
PEK,RGN,4
PEK,SGN,14
PEK,SIN,35
PEK,SVO,30
PEK,SVX,5
PEK,TAS,4
PEK,TLV,7
PEK,TSE,7
PEK,ULN,14
PEK,UUD,2
PEK,VVO,4
PEK,WAW,7
PVG,AUH,7
PVG,BKI,12
PVG,BKK,84
PVG,BWN,3
PVG,CGK,11
PVG,CMB,8
PVG,CNX,28
PVG,CXR,7
PVG,DAD,2
PVG,DEL,11
PVG,DMK,12
PVG,DOH,6
PVG,DPS,12
PVG,DXB,15
PVG,HAN,6
PVG,HKT,46
PVG,IKA,7
PVG,IKT,1
PVG,IST,7
PVG,KBV,17
PVG,KLO,12
PVG,KUL,39
PVG,LED,4
PVG,MDC,4
PVG,MLE,3
PVG,MNL,24
PVG,OVB,1
PVG,PNH,16
PVG,PRG,4
PVG,REP,14
PVG,SGN,25
PVG,SIN,71
PVG,SVO,28
PVG,TLV,3
PVG,URT,3
PVG,VVO,2
RMQ,HAN,3
RMQ,SGN,11
SHE,DMK,4
SHE,IKT,2
SHE,SIN,7
SJW,BKK,8
SWA,BKK,7
SWA,DMK,7
SWA,HKT,1
SWA,KUL,7
SWA,SIN,3
SYX,CGK,1
SYX,IKT,1
SYX,KHV,1
SYX,KJA,2
SYX,OVB,3
SYX,PEN,1
SYX,PNH,2
SYX,REP,1
SYX,UTP,3
SYX,VKO,2
SYX,VVO,1
SZX,BKI,10
SZX,BKK,35
SZX,CGK,4
SZX,CNX,3
SZX,CXR,3
SZX,DAD,2
SZX,DMK,7
SZX,DPS,3
SZX,HAN,7
SZX,HKT,17
SZX,KUL,29
SZX,LGK,3
SZX,MDC,4
SZX,MNL,3
SZX,PNH,9
SZX,REP,2
SZX,SGN,7
SZX,SIN,25
SZX,SVO,2
TAO,DMK,4
TAO,SIN,5
TAO,SVO,4
TNA,BKK,7
TNA,DMK,5
TNA,DPS,4
TNA,KBV,4
TNA,SIN,1
TPE,BKI,18
TPE,BKK,64
TPE,CEB,14
TPE,CGK,21
TPE,DAD,5
TPE,DEL,2
TPE,DMK,17
TPE,DPS,14
TPE,DXB,7
TPE,HAN,36
TPE,IST,7
TPE,KLO,2
TPE,KUL,59
TPE,MNL,66
TPE,PEN,5
TPE,PNH,19
TPE,PPS,1
TPE,REP,4
TPE,RGN,6
TPE,SGN,63
TPE,SIN,73
TSN,BKK,7
TSN,CXR,3
TSN,DAD,3
TSN,DMK,5
TSN,HKT,4
TSN,KBV,4
TSN,KOS,7
TSN,SIN,7
TSN,SVO,2
TYN,BKK,7
TYN,HKT,3
URC,ALA,14
URC,ASB,2
URC,DXB,3
URC,DYU,6
URC,FRU,11
URC,GYD,2
URC,IKA,5
URC,ISB,4
URC,KBL,1
URC,LBD,2
URC,LED,4
URC,OVB,4
URC,SHJ,3
URC,SVO,4
URC,TAS,4
URC,TBS,3
URC,TSE,10
WNZ,BKK,3
WNZ,DMK,1
WNZ,PQC,2
WUH,BKI,7
WUH,BKK,15
WUH,CNX,3
WUH,CXR,1
WUH,DMK,22
WUH,DPS,3
WUH,DXB,3
WUH,HKT,7
WUH,KBV,4
WUH,KOS,1
WUH,KUL,13
WUH,PEN,3
WUH,SIN,7
WUH,SVO,3
WUH,URT,4
WUX,CXR,7
WUX,DMK,4
WUX,DPS,2
WUX,HKT,3
WUX,KOS,2
WUX,REP,1
WUX,SIN,4
XIY,ALA,1
XIY,BKI,1
XIY,BKK,12
XIY,DAD,2
XIY,DME,1
XIY,DMK,11
XIY,DPS,4
XIY,HKT,10
XIY,KBV,4
XIY,KTM,3
XIY,KUL,4
XIY,SIN,11
XIY,SVO,3
XIY,USM,4
XMN,BKK,18
XMN,CEB,3
XMN,CGK,7
XMN,DPS,7
XMN,KUL,18
XMN,MNL,23
XMN,REP,2
XMN,SGN,7
XMN,SIN,23
XNN,BKK,1
XUZ,DMK,2
YCU,BKK,3
YTY,BKK,4
YTY,HKT,3
ZHA,DMK,3
ZHA,PNH,2
ZYI,DAD,3
