Region,TF,Country,Country,ISO2 Code,ISO3 Code,Numeric Code
China,TRUE,China,China,CN,CHN,156
East Asia,TRUE,Mongolia,Mongolia,MN,MNG,496
Southeast Asia,TRUE,Singapore,Singapore,SG,SGP,702
Southeast Asia,TRUE,Thailand,Thailand,TH,THA,764
Southeast Asia,FALSE,Vietnam,Viet Nam,VN,VNM,704
Southeast Asia,TRUE,Malaysia,Malaysia,MY,MYS,458
Southeast Asia,TRUE,Indonesia,Indonesia,ID,IDN,360
Southeast Asia,TRUE,Philippines,Philippines,PH,PHL,608
Southeast Asia,TRUE,Myanmar,Myanmar,MM,MMR,104
Southeast Asia,TRUE,Cambodia,Cambodia,KH,KHM,116
Southeast Asia,FALSE,Brunei,Brunei Darussalam,BN,BRN,96
Southeast Asia,FALSE,Laos,Lao PDR,LA,LAO,418
Southeast Asia,TRUE,Timor-Leste,Timor-Leste,TL,TLS,626
South Asia,TRUE,India,India,IN,IND,356
South Asia,TRUE,Bangladesh,Bangladesh,BD,BGD,50
South Asia,TRUE,Pakistan,Pakistan,PK,PAK,586
South Asia,TRUE,Sri Lanka,Sri Lanka,LK,LKA,144
South Asia,TRUE,Nepal,Nepal,NP,NPL,524
South Asia,TRUE,Afghanistan,Afghanistan,AF,AFG,4
South Asia,TRUE,Maldives,Maldives,MV,MDV,462
South Asia,TRUE,Bhutan,Bhutan,BT,BTN,64
Central Asia,TRUE,Kazakhstan,Kazakhstan,KZ,KAZ,398
Central Asia,TRUE,Uzbekistan,Uzbekistan,UZ,UZB,860
Central Asia,TRUE,Turkmenistan,Turkmenistan,TM,TKM,795
Central Asia,TRUE,Kyrgyzstan,Kyrgyzstan,KG,KGZ,417
Central Asia,TRUE,Tajikistan,Tajikistan,TJ,TJK,762
West Asia/North Africa,TRUE,United Arab Emirates,United Arab Emirates,AE,ARE,784
West Asia/North Africa,TRUE,Saudi Arabia,Saudi Arabia,SA,SAU,682
West Asia/North Africa,TRUE,Turkey,Turkey,TR,TUR,792
West Asia/North Africa,TRUE,Israel,Israel,IL,ISR,376
West Asia/North Africa,TRUE,Qatar,Qatar,QA,QAT,634
West Asia/North Africa,TRUE,Egypt,Egypt,EG,EGY,818
West Asia/North Africa,TRUE,Kuwait,Kuwait,KW,KWT,414
West Asia/North Africa,TRUE,Iraq,Iraq,IQ,IRQ,368
West Asia/North Africa,FALSE,Iran,"Iran, Islamic Republic of",IR,IRN,364
West Asia/North Africa,TRUE,Oman,Oman,OM,OMN,512
West Asia/North Africa,TRUE,Bahrain,Bahrain,BH,BHR,48
West Asia/North Africa,TRUE,Jordan,Jordan,JO,JOR,400
West Asia/North Africa,TRUE,Azerbaijan,Azerbaijan,AZ,AZE,31
West Asia/North Africa,TRUE,Lebanon,Lebanon,LB,LBN,422
West Asia/North Africa,TRUE,Georgia,Georgia,GE,GEO,268
West Asia/North Africa,TRUE,Yemen,Yemen,YE,YEM,887
West Asia/North Africa,TRUE,Armenia,Armenia,AM,ARM,51
West Asia/North Africa,FALSE,Syria,Syrian Arab Republic�(Syria),SY,SYR,760
West Asia/North Africa,FALSE,Palestine,Palestinian Territory,PS,PSE,275
East Europe,FALSE,Russia,Russian Federation,RU,RUS,643
East Europe,TRUE,Poland,Poland,PL,POL,616
East Europe,TRUE,Czech Republic,Czech Republic,CZ,CZE,203
East Europe,TRUE,Hungary,Hungary,HU,HUN,348
East Europe,TRUE,Slovakia,Slovakia,SK,SVK,703
East Europe,TRUE,Romania,Romania,RO,ROU,642
East Europe,TRUE,Ukraine,Ukraine,UA,UKR,804
East Europe,TRUE,Slovenia,Slovenia,SI,SVN,705
East Europe,TRUE,Lithuania,Lithuania,LT,LTU,440
East Europe,TRUE,Belarus,Belarus,BY,BLR,112
East Europe,TRUE,Bulgaria,Bulgaria,BG,BGR,100
East Europe,TRUE,Serbia,Serbia,RS,SRB,688
East Europe,TRUE,Croatia,Croatia,HR,HRV,191
East Europe,TRUE,Estonia,Estonia,EE,EST,233
East Europe,TRUE,Latvia,Latvia,LV,LVA,428
East Europe,TRUE,Bosnia and Herzegovina,Bosnia and Herzegovina,BA,BIH,70
East Europe,FALSE,Macedonia,"Macedonia, Republic of",MK,MKD,807
East Europe,TRUE,Albania,Albania,AL,ALB,8
East Europe,TRUE,Moldova,Moldova,MD,MDA,498
East Europe,TRUE,Montenegro,Montenegro,ME,MNE,499
