"","Target","Source","Weight","Scountry","Sregion","Tcountry","Tregion","Sairport","Tairport"
"1","ALA","HKG",2,"China","China","Kazakhstan","Central Asia","Hong Kong International Airport","Almaty International Airport"
"2","ALA","PEK",8,"China","China","Kazakhstan","Central Asia","Beijing Capital International Airport","Almaty International Airport"
"3","ALA","URC",14,"China","China","Kazakhstan","Central Asia","Urumqi Diwopu International Airport","Almaty International Airport"
"4","ALA","XIY",1,"China","China","Kazakhstan","Central Asia","Xi'an Xianyang International Airport","Almaty International Airport"
"5","ARH","INC",7,"China","China","Russia","East Europe","Yinchuan Hedong International Airport","Arkhangelsk Talagi Airport"
"6","ASB","PEK",2,"China","China","Turkmenistan","Central Asia","Beijing Capital International Airport","Ashgabat International Airport"
"7","ASB","URC",2,"China","China","Turkmenistan","Central Asia","Urumqi Diwopu International Airport","Ashgabat International Airport"
"8","AUH","CTU",4,"China","China","United Arab Emirates","West Asia & North Africa","Chengdu Shuangliu International Airport","Abu Dhabi International Airport"
"9","AUH","HKG",7,"China","China","United Arab Emirates","West Asia & North Africa","Hong Kong International Airport","Abu Dhabi International Airport"
"10","AUH","PEK",6,"China","China","United Arab Emirates","West Asia & North Africa","Beijing Capital International Airport","Abu Dhabi International Airport"
"11","AUH","PVG",7,"China","China","United Arab Emirates","West Asia & North Africa","Shanghai Pudong International Airport","Abu Dhabi International Airport"
"12","BGW","CAN",1,"China","China","Iraq","West Asia & North Africa","Guangzhou Baiyun International Airport","Baghdad International Airport"
"13","BKI","CAN",21,"China","China","Malaysia","Southeast Asia","Guangzhou Baiyun International Airport","Kota Kinabalu International Airport"
"14","BKI","FOC",3,"China","China","Malaysia","Southeast Asia","Fuzhou Changle International Airport","Kota Kinabalu International Airport"
"15","BKI","HGH",7,"China","China","Malaysia","Southeast Asia","Hangzhou Xiaoshan International Airport","Kota Kinabalu International Airport"
"16","BKI","HKG",21,"China","China","Malaysia","Southeast Asia","Hong Kong International Airport","Kota Kinabalu International Airport"
"17","BKI","KMG",3,"China","China","Malaysia","Southeast Asia","Kunming Changshui International Airport","Kota Kinabalu International Airport"
"18","BKI","PVG",12,"China","China","Malaysia","Southeast Asia","Shanghai Pudong International Airport","Kota Kinabalu International Airport"
"19","BKI","SZX",10,"China","China","Malaysia","Southeast Asia","Shenzhen Bao'an International Airport","Kota Kinabalu International Airport"
"20","BKI","TPE",18,"China","China","Malaysia","Southeast Asia","Taiwan Taoyuan International Airport","Kota Kinabalu International Airport"
"21","BKI","WUH",7,"China","China","Malaysia","Southeast Asia","Wuhan Tianhe International Airport","Kota Kinabalu International Airport"
"22","BKI","XIY",1,"China","China","Malaysia","Southeast Asia","Xi'an Xianyang International Airport","Kota Kinabalu International Airport"
"23","BKK","BHY",2,"China","China","Thailand","Southeast Asia","Beihai Fucheng Airport","Bangkok Suvarnabhumi Airport"
"24","BKK","CAN",78,"China","China","Thailand","Southeast Asia","Guangzhou Baiyun International Airport","Bangkok Suvarnabhumi Airport"
"25","BKK","CGO",21,"China","China","Thailand","Southeast Asia","Zhengzhou Xinzheng International Airport","Bangkok Suvarnabhumi Airport"
"26","BKK","CGQ",4,"China","China","Thailand","Southeast Asia","Changchun Longjia International Airport","Bangkok Suvarnabhumi Airport"
"27","BKK","CKG",8,"China","China","Thailand","Southeast Asia","Chongqing Jiangbei International Airport","Bangkok Suvarnabhumi Airport"
"28","BKK","CSX",15,"China","China","Thailand","Southeast Asia","Changsha Huanghua International Airport","Bangkok Suvarnabhumi Airport"
"29","BKK","CTU",27,"China","China","Thailand","Southeast Asia","Chengdu Shuangliu International Airport","Bangkok Suvarnabhumi Airport"
"30","BKK","DSN",2,"China","China","Thailand","Southeast Asia","Dongsheng Ordos Ejin Horo Airport","Bangkok Suvarnabhumi Airport"
"31","BKK","FOC",14,"China","China","Thailand","Southeast Asia","Fuzhou Changle International Airport","Bangkok Suvarnabhumi Airport"
"32","BKK","HAK",7,"China","China","Thailand","Southeast Asia","Haikou Meilan International Airport","Bangkok Suvarnabhumi Airport"
"33","BKK","HFE",11,"China","China","Thailand","Southeast Asia","Hefei Xinqiao International Airport","Bangkok Suvarnabhumi Airport"
"34","BKK","HGH",15,"China","China","Thailand","Southeast Asia","Hangzhou Xiaoshan International Airport","Bangkok Suvarnabhumi Airport"
"35","BKK","HKG",162,"China","China","Thailand","Southeast Asia","Hong Kong International Airport","Bangkok Suvarnabhumi Airport"
"36","BKK","INC",1,"China","China","Thailand","Southeast Asia","Yinchuan Hedong International Airport","Bangkok Suvarnabhumi Airport"
"37","BKK","KHH",12,"China","China","Thailand","Southeast Asia","Kaohsiung  International Airport","Bangkok Suvarnabhumi Airport"
"38","BKK","KHN",10,"China","China","Thailand","Southeast Asia","Nanchang Changbei International Airport","Bangkok Suvarnabhumi Airport"
"39","BKK","KMG",35,"China","China","Thailand","Southeast Asia","Kunming Changshui International Airport","Bangkok Suvarnabhumi Airport"
"40","BKK","LHW",3,"China","China","Thailand","Southeast Asia","Lanzhou Zhongchuan International Airport","Bangkok Suvarnabhumi Airport"
"41","BKK","LYA",4,"China","China","Thailand","Southeast Asia","Luoyang Beijiao Airport","Bangkok Suvarnabhumi Airport"
"42","BKK","MFM",13,"China","China","Thailand","Southeast Asia","Aeroporto Internacional de Macau","Bangkok Suvarnabhumi Airport"
"43","BKK","NGB",3,"China","China","Thailand","Southeast Asia","Ningbo Lishe International Airport","Bangkok Suvarnabhumi Airport"
"44","BKK","NKG",5,"China","China","Thailand","Southeast Asia","Nanjing Lukou International Airport","Bangkok Suvarnabhumi Airport"
"45","BKK","NNG",6,"China","China","Thailand","Southeast Asia","Nanning Wuxu International Airport","Bangkok Suvarnabhumi Airport"
"46","BKK","PEK",45,"China","China","Thailand","Southeast Asia","Beijing Capital International Airport","Bangkok Suvarnabhumi Airport"
"47","BKK","PVG",84,"China","China","Thailand","Southeast Asia","Shanghai Pudong International Airport","Bangkok Suvarnabhumi Airport"
"48","BKK","SJW",8,"China","China","Thailand","Southeast Asia","Shijiazhuang Zhengding International Airport","Bangkok Suvarnabhumi Airport"
"49","BKK","SWA",7,"China","China","Thailand","Southeast Asia","Jieyang Chaoshan International Airport","Bangkok Suvarnabhumi Airport"
"50","BKK","SZX",35,"China","China","Thailand","Southeast Asia","Shenzhen Bao'an International Airport","Bangkok Suvarnabhumi Airport"
"51","BKK","TNA",7,"China","China","Thailand","Southeast Asia","Jinan Yaoqiang International Airport","Bangkok Suvarnabhumi Airport"
"52","BKK","TPE",64,"China","China","Thailand","Southeast Asia","Taiwan Taoyuan International Airport","Bangkok Suvarnabhumi Airport"
"53","BKK","TSN",7,"China","China","Thailand","Southeast Asia","Tianjin Binhai International Airport","Bangkok Suvarnabhumi Airport"
"54","BKK","TYN",7,"China","China","Thailand","Southeast Asia","Taiyuan Wusu International Airport","Bangkok Suvarnabhumi Airport"
"55","BKK","WNZ",3,"China","China","Thailand","Southeast Asia","Wenzhou Longwan International Airport","Bangkok Suvarnabhumi Airport"
"56","BKK","WUH",15,"China","China","Thailand","Southeast Asia","Wuhan Tianhe International Airport","Bangkok Suvarnabhumi Airport"
"57","BKK","XIY",12,"China","China","Thailand","Southeast Asia","Xi'an Xianyang International Airport","Bangkok Suvarnabhumi Airport"
"58","BKK","XMN",18,"China","China","Thailand","Southeast Asia","Xiamen Gaoqi International Airport","Bangkok Suvarnabhumi Airport"
"59","BKK","XNN",1,"China","China","Thailand","Southeast Asia","Xining Caojiabao Airport","Bangkok Suvarnabhumi Airport"
"60","BKK","YCU",3,"China","China","Thailand","Southeast Asia","Yuncheng Guangong Airport","Bangkok Suvarnabhumi Airport"
"61","BKK","YTY",4,"China","China","Thailand","Southeast Asia","Yangzhou Taizhou Airport","Bangkok Suvarnabhumi Airport"
"62","BLR","HKG",6,"China","China","India","South Asia","Hong Kong International Airport","Bangalore Kempegowda International Airport"
"63","BOM","HKG",25,"China","China","India","South Asia","Hong Kong International Airport","Mumbai Chhatrapati Shivaji International Airport"
"64","BOM","PEK",3,"China","China","India","South Asia","Beijing Capital International Airport","Mumbai Chhatrapati Shivaji International Airport"
"65","BWN","HKG",7,"China","China","Brunei","Southeast Asia","Hong Kong International Airport","Brunei International Airport"
"66","BWN","KMG",2,"China","China","Brunei","Southeast Asia","Kunming Changshui International Airport","Brunei International Airport"
"67","BWN","NNG",2,"China","China","Brunei","Southeast Asia","Nanning Wuxu International Airport","Brunei International Airport"
"68","BWN","PVG",3,"China","China","Brunei","Southeast Asia","Shanghai Pudong International Airport","Brunei International Airport"
"69","CAI","CAN",7,"China","China","Egypt","West Asia & North Africa","Guangzhou Baiyun International Airport","Cairo International Airport"
"70","CAI","PEK",2,"China","China","Egypt","West Asia & North Africa","Beijing Capital International Airport","Cairo International Airport"
"71","CCU","HKG",5,"China","China","India","South Asia","Hong Kong International Airport","Kolkata International Airport"
"72","CCU","KMG",9,"China","China","India","South Asia","Kunming Changshui International Airport","Kolkata International Airport"
"73","CEB","CKG",4,"China","China","Philippines","Southeast Asia","Chongqing Jiangbei International Airport","Cebu Mactan International Airport"
"74","CEB","FOC",2,"China","China","Philippines","Southeast Asia","Fuzhou Changle International Airport","Cebu Mactan International Airport"
"75","CEB","HKG",15,"China","China","Philippines","Southeast Asia","Hong Kong International Airport","Cebu Mactan International Airport"
"76","CEB","KMG",3,"China","China","Philippines","Southeast Asia","Kunming Changshui International Airport","Cebu Mactan International Airport"
"77","CEB","TPE",14,"China","China","Philippines","Southeast Asia","Taiwan Taoyuan International Airport","Cebu Mactan International Airport"
"78","CEB","XMN",3,"China","China","Philippines","Southeast Asia","Xiamen Gaoqi International Airport","Cebu Mactan International Airport"
"79","CEI","CSX",4,"China","China","Thailand","Southeast Asia","Changsha Huanghua International Airport","Chiang Rai International Airport"
"80","CEI","CTU",3,"China","China","Thailand","Southeast Asia","Chengdu Shuangliu International Airport","Chiang Rai International Airport"
"81","CEI","HAK",1,"China","China","Thailand","Southeast Asia","Haikou Meilan International Airport","Chiang Rai International Airport"
"82","CEI","HKG",2,"China","China","Thailand","Southeast Asia","Hong Kong International Airport","Chiang Rai International Airport"
"83","CEI","KMG",3,"China","China","Thailand","Southeast Asia","Kunming Changshui International Airport","Chiang Rai International Airport"
"84","CGK","CAN",21,"China","China","Indonesia","Southeast Asia","Guangzhou Baiyun International Airport","Jakarta Soekarno Hatta International Airport"
"85","CGK","FOC",7,"China","China","Indonesia","Southeast Asia","Fuzhou Changle International Airport","Jakarta Soekarno Hatta International Airport"
"86","CGK","HAK",3,"China","China","Indonesia","Southeast Asia","Haikou Meilan International Airport","Jakarta Soekarno Hatta International Airport"
"87","CGK","HKG",42,"China","China","Indonesia","Southeast Asia","Hong Kong International Airport","Jakarta Soekarno Hatta International Airport"
"88","CGK","KWL",1,"China","China","Indonesia","Southeast Asia","Guilin Liangjiang International Airport","Jakarta Soekarno Hatta International Airport"
"89","CGK","MFM",4,"China","China","Indonesia","Southeast Asia","Aeroporto Internacional de Macau","Jakarta Soekarno Hatta International Airport"
"90","CGK","PEK",7,"China","China","Indonesia","Southeast Asia","Beijing Capital International Airport","Jakarta Soekarno Hatta International Airport"
"91","CGK","PVG",11,"China","China","Indonesia","Southeast Asia","Shanghai Pudong International Airport","Jakarta Soekarno Hatta International Airport"
"92","CGK","SYX",1,"China","China","Indonesia","Southeast Asia","Sanya Phoenix International Airport","Jakarta Soekarno Hatta International Airport"
"93","CGK","SZX",4,"China","China","Indonesia","Southeast Asia","Shenzhen Bao'an International Airport","Jakarta Soekarno Hatta International Airport"
"94","CGK","TPE",21,"China","China","Indonesia","Southeast Asia","Taiwan Taoyuan International Airport","Jakarta Soekarno Hatta International Airport"
"95","CGK","XMN",7,"China","China","Indonesia","Southeast Asia","Xiamen Gaoqi International Airport","Jakarta Soekarno Hatta International Airport"
"96","CMB","CAN",11,"China","China","Sri Lanka","South Asia","Guangzhou Baiyun International Airport","Colombo Bandaranaike International Airport"
"97","CMB","CTU",3,"China","China","Sri Lanka","South Asia","Chengdu Shuangliu International Airport","Colombo Bandaranaike International Airport"
"98","CMB","HKG",12,"China","China","Sri Lanka","South Asia","Hong Kong International Airport","Colombo Bandaranaike International Airport"
"99","CMB","KMG",6,"China","China","Sri Lanka","South Asia","Kunming Changshui International Airport","Colombo Bandaranaike International Airport"
"100","CMB","PEK",3,"China","China","Sri Lanka","South Asia","Beijing Capital International Airport","Colombo Bandaranaike International Airport"
"101","CMB","PVG",8,"China","China","Sri Lanka","South Asia","Shanghai Pudong International Airport","Colombo Bandaranaike International Airport"
"102","CNX","CAN",14,"China","China","Thailand","Southeast Asia","Guangzhou Baiyun International Airport","Chiang Mai International Airport"
"103","CNX","CKG",4,"China","China","Thailand","Southeast Asia","Chongqing Jiangbei International Airport","Chiang Mai International Airport"
"104","CNX","CSX",7,"China","China","Thailand","Southeast Asia","Changsha Huanghua International Airport","Chiang Mai International Airport"
"105","CNX","CTU",4,"China","China","Thailand","Southeast Asia","Chengdu Shuangliu International Airport","Chiang Mai International Airport"
"106","CNX","HAK",1,"China","China","Thailand","Southeast Asia","Haikou Meilan International Airport","Chiang Mai International Airport"
"107","CNX","HGH",7,"China","China","Thailand","Southeast Asia","Hangzhou Xiaoshan International Airport","Chiang Mai International Airport"
"108","CNX","HKG",20,"China","China","Thailand","Southeast Asia","Hong Kong International Airport","Chiang Mai International Airport"
"109","CNX","KMG",16,"China","China","Thailand","Southeast Asia","Kunming Changshui International Airport","Chiang Mai International Airport"
"110","CNX","MFM",7,"China","China","Thailand","Southeast Asia","Aeroporto Internacional de Macau","Chiang Mai International Airport"
"111","CNX","PEK",9,"China","China","Thailand","Southeast Asia","Beijing Capital International Airport","Chiang Mai International Airport"
"112","CNX","PVG",28,"China","China","Thailand","Southeast Asia","Shanghai Pudong International Airport","Chiang Mai International Airport"
"113","CNX","SZX",3,"China","China","Thailand","Southeast Asia","Shenzhen Bao'an International Airport","Chiang Mai International Airport"
"114","CNX","WUH",3,"China","China","Thailand","Southeast Asia","Wuhan Tianhe International Airport","Chiang Mai International Airport"
"115","CRK","HKG",13,"China","China","Philippines","Southeast Asia","Hong Kong International Airport","Angeles City Clark International Airport"
"116","CRK","MFM",3,"China","China","Philippines","Southeast Asia","Aeroporto Internacional de Macau","Angeles City Clark International Airport"
"117","CXR","CAN",16,"China","China","Viet Nam","Southeast Asia","Guangzhou Baiyun International Airport","Nha Trang Cam Ranh International Airport"
"118","CXR","CGO",3,"China","China","Viet Nam","Southeast Asia","Zhengzhou Xinzheng International Airport","Nha Trang Cam Ranh International Airport"
"119","CXR","CKG",10,"China","China","Viet Nam","Southeast Asia","Chongqing Jiangbei International Airport","Nha Trang Cam Ranh International Airport"
"120","CXR","CSX",3,"China","China","Viet Nam","Southeast Asia","Changsha Huanghua International Airport","Nha Trang Cam Ranh International Airport"
"121","CXR","CTU",9,"China","China","Viet Nam","Southeast Asia","Chengdu Shuangliu International Airport","Nha Trang Cam Ranh International Airport"
"122","CXR","CZX",3,"China","China","Viet Nam","Southeast Asia","Changzhou Benniu Airport","Nha Trang Cam Ranh International Airport"
"123","CXR","HGH",6,"China","China","Viet Nam","Southeast Asia","Hangzhou Xiaoshan International Airport","Nha Trang Cam Ranh International Airport"
"124","CXR","HKG",4,"China","China","Viet Nam","Southeast Asia","Hong Kong International Airport","Nha Trang Cam Ranh International Airport"
"125","CXR","KMG",11,"China","China","Viet Nam","Southeast Asia","Kunming Changshui International Airport","Nha Trang Cam Ranh International Airport"
"126","CXR","KWE",3,"China","China","Viet Nam","Southeast Asia","Guiyang Longdongbao International Airport","Nha Trang Cam Ranh International Airport"
"127","CXR","NGB",3,"China","China","Viet Nam","Southeast Asia","Ningbo Lishe International Airport","Nha Trang Cam Ranh International Airport"
"128","CXR","NKG",6,"China","China","Viet Nam","Southeast Asia","Nanjing Lukou International Airport","Nha Trang Cam Ranh International Airport"
"129","CXR","NNG",3,"China","China","Viet Nam","Southeast Asia","Nanning Wuxu International Airport","Nha Trang Cam Ranh International Airport"
"130","CXR","PEK",2,"China","China","Viet Nam","Southeast Asia","Beijing Capital International Airport","Nha Trang Cam Ranh International Airport"
"131","CXR","PVG",7,"China","China","Viet Nam","Southeast Asia","Shanghai Pudong International Airport","Nha Trang Cam Ranh International Airport"
"132","CXR","SZX",3,"China","China","Viet Nam","Southeast Asia","Shenzhen Bao'an International Airport","Nha Trang Cam Ranh International Airport"
"133","CXR","TSN",3,"China","China","Viet Nam","Southeast Asia","Tianjin Binhai International Airport","Nha Trang Cam Ranh International Airport"
"134","CXR","WUH",1,"China","China","Viet Nam","Southeast Asia","Wuhan Tianhe International Airport","Nha Trang Cam Ranh International Airport"
"135","CXR","WUX",7,"China","China","Viet Nam","Southeast Asia","Wuxi Sunan Shuofang International Airport","Nha Trang Cam Ranh International Airport"
"136","DAC","CAN",7,"China","China","Bangladesh","South Asia","Guangzhou Baiyun International Airport","Dhaka Shahjalal International Airport"
"137","DAC","HKG",4,"China","China","Bangladesh","South Asia","Hong Kong International Airport","Dhaka Shahjalal International Airport"
"138","DAC","KMG",7,"China","China","Bangladesh","South Asia","Kunming Changshui International Airport","Dhaka Shahjalal International Airport"
"139","DAD","BPE",1,"China","China","Viet Nam","Southeast Asia","Qinhuangdao Beidaihe Airport","Da Nang International Airport"
"140","DAD","CAN",4,"China","China","Viet Nam","Southeast Asia","Guangzhou Baiyun International Airport","Da Nang International Airport"
"141","DAD","CTU",2,"China","China","Viet Nam","Southeast Asia","Chengdu Shuangliu International Airport","Da Nang International Airport"
"142","DAD","HAK",2,"China","China","Viet Nam","Southeast Asia","Haikou Meilan International Airport","Da Nang International Airport"
"143","DAD","HFE",2,"China","China","Viet Nam","Southeast Asia","Hefei Xinqiao International Airport","Da Nang International Airport"
"144","DAD","HGH",4,"China","China","Viet Nam","Southeast Asia","Hangzhou Xiaoshan International Airport","Da Nang International Airport"
"145","DAD","HKG",18,"China","China","Viet Nam","Southeast Asia","Hong Kong International Airport","Da Nang International Airport"
"146","DAD","KMG",3,"China","China","Viet Nam","Southeast Asia","Kunming Changshui International Airport","Da Nang International Airport"
"147","DAD","MFM",24,"China","China","Viet Nam","Southeast Asia","Aeroporto Internacional de Macau","Da Nang International Airport"
"148","DAD","NKG",2,"China","China","Viet Nam","Southeast Asia","Nanjing Lukou International Airport","Da Nang International Airport"
"149","DAD","PEK",4,"China","China","Viet Nam","Southeast Asia","Beijing Capital International Airport","Da Nang International Airport"
"150","DAD","PVG",2,"China","China","Viet Nam","Southeast Asia","Shanghai Pudong International Airport","Da Nang International Airport"
"151","DAD","SZX",2,"China","China","Viet Nam","Southeast Asia","Shenzhen Bao'an International Airport","Da Nang International Airport"
"152","DAD","TPE",5,"China","China","Viet Nam","Southeast Asia","Taiwan Taoyuan International Airport","Da Nang International Airport"
"153","DAD","TSN",3,"China","China","Viet Nam","Southeast Asia","Tianjin Binhai International Airport","Da Nang International Airport"
"154","DAD","XIY",2,"China","China","Viet Nam","Southeast Asia","Xi'an Xianyang International Airport","Da Nang International Airport"
"155","DAD","ZYI",3,"China","China","Viet Nam","Southeast Asia","Zunyi Xinzhou Airport","Da Nang International Airport"
"156","DEL","CAN",16,"China","China","India","South Asia","Guangzhou Baiyun International Airport","Delhi Indira Gandhi International Airport"
"157","DEL","HKG",27,"China","China","India","South Asia","Hong Kong International Airport","Delhi Indira Gandhi International Airport"
"158","DEL","KMG",4,"China","China","India","South Asia","Kunming Changshui International Airport","Delhi Indira Gandhi International Airport"
"159","DEL","PEK",10,"China","China","India","South Asia","Beijing Capital International Airport","Delhi Indira Gandhi International Airport"
"160","DEL","PVG",11,"China","China","India","South Asia","Shanghai Pudong International Airport","Delhi Indira Gandhi International Airport"
"161","DEL","TPE",2,"China","China","India","South Asia","Taiwan Taoyuan International Airport","Delhi Indira Gandhi International Airport"
"162","DME","KMG",3,"China","China","Russia","East Europe","Kunming Changshui International Airport","Moscow Domodedovo International Airport"
"163","DME","XIY",1,"China","China","Russia","East Europe","Xi'an Xianyang International Airport","Moscow Domodedovo International Airport"
"164","DMK","CAN",21,"China","China","Thailand","Southeast Asia","Guangzhou Baiyun International Airport","Bangkok Don Mueang International Airport"
"165","DMK","CGO",7,"China","China","Thailand","Southeast Asia","Zhengzhou Xinzheng International Airport","Bangkok Don Mueang International Airport"
"166","DMK","CKG",21,"China","China","Thailand","Southeast Asia","Chongqing Jiangbei International Airport","Bangkok Don Mueang International Airport"
"167","DMK","CSX",21,"China","China","Thailand","Southeast Asia","Changsha Huanghua International Airport","Bangkok Don Mueang International Airport"
"168","DMK","CTU",6,"China","China","Thailand","Southeast Asia","Chengdu Shuangliu International Airport","Bangkok Don Mueang International Airport"
"169","DMK","DLC",3,"China","China","Thailand","Southeast Asia","Dalian Zhoushuizi International Airport","Bangkok Don Mueang International Airport"
"170","DMK","FOC",7,"China","China","Thailand","Southeast Asia","Fuzhou Changle International Airport","Bangkok Don Mueang International Airport"
"171","DMK","HFE",7,"China","China","Thailand","Southeast Asia","Hefei Xinqiao International Airport","Bangkok Don Mueang International Airport"
"172","DMK","HGH",21,"China","China","Thailand","Southeast Asia","Hangzhou Xiaoshan International Airport","Bangkok Don Mueang International Airport"
"173","DMK","HIA",2,"China","China","Thailand","Southeast Asia","Huai'an Lianshui Airport","Bangkok Don Mueang International Airport"
"174","DMK","HKG",21,"China","China","Thailand","Southeast Asia","Hong Kong International Airport","Bangkok Don Mueang International Airport"
"175","DMK","JJN",4,"China","China","Thailand","Southeast Asia","Quanzhou Jinjiang Airport","Bangkok Don Mueang International Airport"
"176","DMK","KHN",11,"China","China","Thailand","Southeast Asia","Nanchang Changbei International Airport","Bangkok Don Mueang International Airport"
"177","DMK","KMG",7,"China","China","Thailand","Southeast Asia","Kunming Changshui International Airport","Bangkok Don Mueang International Airport"
"178","DMK","KWE",4,"China","China","Thailand","Southeast Asia","Guiyang Longdongbao International Airport","Bangkok Don Mueang International Airport"
"179","DMK","KWL",3,"China","China","Thailand","Southeast Asia","Guilin Liangjiang International Airport","Bangkok Don Mueang International Airport"
"180","DMK","MFM",34,"China","China","Thailand","Southeast Asia","Aeroporto Internacional de Macau","Bangkok Don Mueang International Airport"
"181","DMK","NGB",4,"China","China","Thailand","Southeast Asia","Ningbo Lishe International Airport","Bangkok Don Mueang International Airport"
"182","DMK","NKG",18,"China","China","Thailand","Southeast Asia","Nanjing Lukou International Airport","Bangkok Don Mueang International Airport"
"183","DMK","NNG",7,"China","China","Thailand","Southeast Asia","Nanning Wuxu International Airport","Bangkok Don Mueang International Airport"
"184","DMK","NTG",1,"China","China","Thailand","Southeast Asia","Nantong Xingdong Airport","Bangkok Don Mueang International Airport"
"185","DMK","PVG",12,"China","China","Thailand","Southeast Asia","Shanghai Pudong International Airport","Bangkok Don Mueang International Airport"
"186","DMK","SHE",4,"China","China","Thailand","Southeast Asia","Shenyang Taoxian International Airport","Bangkok Don Mueang International Airport"
"187","DMK","SWA",7,"China","China","Thailand","Southeast Asia","Jieyang Chaoshan International Airport","Bangkok Don Mueang International Airport"
"188","DMK","SZX",7,"China","China","Thailand","Southeast Asia","Shenzhen Bao'an International Airport","Bangkok Don Mueang International Airport"
"189","DMK","TAO",4,"China","China","Thailand","Southeast Asia","Qingdao Liuting International Airport","Bangkok Don Mueang International Airport"
"190","DMK","TNA",5,"China","China","Thailand","Southeast Asia","Jinan Yaoqiang International Airport","Bangkok Don Mueang International Airport"
"191","DMK","TPE",17,"China","China","Thailand","Southeast Asia","Taiwan Taoyuan International Airport","Bangkok Don Mueang International Airport"
"192","DMK","TSN",5,"China","China","Thailand","Southeast Asia","Tianjin Binhai International Airport","Bangkok Don Mueang International Airport"
"193","DMK","WNZ",1,"China","China","Thailand","Southeast Asia","Wenzhou Longwan International Airport","Bangkok Don Mueang International Airport"
"194","DMK","WUH",22,"China","China","Thailand","Southeast Asia","Wuhan Tianhe International Airport","Bangkok Don Mueang International Airport"
"195","DMK","WUX",4,"China","China","Thailand","Southeast Asia","Wuxi Sunan Shuofang International Airport","Bangkok Don Mueang International Airport"
"196","DMK","XIY",11,"China","China","Thailand","Southeast Asia","Xi'an Xianyang International Airport","Bangkok Don Mueang International Airport"
"197","DMK","XUZ",2,"China","China","Thailand","Southeast Asia","Xuzhou Guanyin Airport","Bangkok Don Mueang International Airport"
"198","DMK","ZHA",3,"China","China","Thailand","Southeast Asia","Zhanjiang Airport","Bangkok Don Mueang International Airport"
"199","DOH","CAN",7,"China","China","Qatar","West Asia & North Africa","Guangzhou Baiyun International Airport","Doha Hamad International Airport"
"200","DOH","CKG",3,"China","China","Qatar","West Asia & North Africa","Chongqing Jiangbei International Airport","Doha Hamad International Airport"
"201","DOH","CTU",2,"China","China","Qatar","West Asia & North Africa","Chengdu Shuangliu International Airport","Doha Hamad International Airport"
"202","DOH","HGH",4,"China","China","Qatar","West Asia & North Africa","Hangzhou Xiaoshan International Airport","Doha Hamad International Airport"
"203","DOH","HKG",14,"China","China","Qatar","West Asia & North Africa","Hong Kong International Airport","Doha Hamad International Airport"
"204","DOH","PEK",7,"China","China","Qatar","West Asia & North Africa","Beijing Capital International Airport","Doha Hamad International Airport"
"205","DOH","PVG",6,"China","China","Qatar","West Asia & North Africa","Shanghai Pudong International Airport","Doha Hamad International Airport"
"206","DPS","CAN",18,"China","China","Indonesia","Southeast Asia","Guangzhou Baiyun International Airport","Denpasar International Airport"
"207","DPS","CKG",3,"China","China","Indonesia","Southeast Asia","Chongqing Jiangbei International Airport","Denpasar International Airport"
"208","DPS","CSX",4,"China","China","Indonesia","Southeast Asia","Changsha Huanghua International Airport","Denpasar International Airport"
"209","DPS","CTU",6,"China","China","Indonesia","Southeast Asia","Chengdu Shuangliu International Airport","Denpasar International Airport"
"210","DPS","HGH",3,"China","China","Indonesia","Southeast Asia","Hangzhou Xiaoshan International Airport","Denpasar International Airport"
"211","DPS","HKG",27,"China","China","Indonesia","Southeast Asia","Hong Kong International Airport","Denpasar International Airport"
"212","DPS","KHN",3,"China","China","Indonesia","Southeast Asia","Nanchang Changbei International Airport","Denpasar International Airport"
"213","DPS","MFM",3,"China","China","Indonesia","Southeast Asia","Aeroporto Internacional de Macau","Denpasar International Airport"
"214","DPS","NKG",3,"China","China","Indonesia","Southeast Asia","Nanjing Lukou International Airport","Denpasar International Airport"
"215","DPS","PEK",12,"China","China","Indonesia","Southeast Asia","Beijing Capital International Airport","Denpasar International Airport"
"216","DPS","PVG",12,"China","China","Indonesia","Southeast Asia","Shanghai Pudong International Airport","Denpasar International Airport"
"217","DPS","SZX",3,"China","China","Indonesia","Southeast Asia","Shenzhen Bao'an International Airport","Denpasar International Airport"
"218","DPS","TNA",4,"China","China","Indonesia","Southeast Asia","Jinan Yaoqiang International Airport","Denpasar International Airport"
"219","DPS","TPE",14,"China","China","Indonesia","Southeast Asia","Taiwan Taoyuan International Airport","Denpasar International Airport"
"220","DPS","WUH",3,"China","China","Indonesia","Southeast Asia","Wuhan Tianhe International Airport","Denpasar International Airport"
"221","DPS","WUX",2,"China","China","Indonesia","Southeast Asia","Wuxi Sunan Shuofang International Airport","Denpasar International Airport"
"222","DPS","XIY",4,"China","China","Indonesia","Southeast Asia","Xi'an Xianyang International Airport","Denpasar International Airport"
"223","DPS","XMN",7,"China","China","Indonesia","Southeast Asia","Xiamen Gaoqi International Airport","Denpasar International Airport"
"224","DXB","CAN",14,"China","China","United Arab Emirates","West Asia & North Africa","Guangzhou Baiyun International Airport","Dubai International Airport"
"225","DXB","CKG",3,"China","China","United Arab Emirates","West Asia & North Africa","Chongqing Jiangbei International Airport","Dubai International Airport"
"226","DXB","CTU",4,"China","China","United Arab Emirates","West Asia & North Africa","Chengdu Shuangliu International Airport","Dubai International Airport"
"227","DXB","HKG",40,"China","China","United Arab Emirates","West Asia & North Africa","Hong Kong International Airport","Dubai International Airport"
"228","DXB","INC",5,"China","China","United Arab Emirates","West Asia & North Africa","Yinchuan Hedong International Airport","Dubai International Airport"
"229","DXB","KMG",3,"China","China","United Arab Emirates","West Asia & North Africa","Kunming Changshui International Airport","Dubai International Airport"
"230","DXB","PEK",19,"China","China","United Arab Emirates","West Asia & North Africa","Beijing Capital International Airport","Dubai International Airport"
"231","DXB","PVG",15,"China","China","United Arab Emirates","West Asia & North Africa","Shanghai Pudong International Airport","Dubai International Airport"
"232","DXB","TPE",7,"China","China","United Arab Emirates","West Asia & North Africa","Taiwan Taoyuan International Airport","Dubai International Airport"
"233","DXB","URC",3,"China","China","United Arab Emirates","West Asia & North Africa","Urumqi Diwopu International Airport","Dubai International Airport"
"234","DXB","WUH",3,"China","China","United Arab Emirates","West Asia & North Africa","Wuhan Tianhe International Airport","Dubai International Airport"
"235","DYU","URC",6,"China","China","Tajikistan","Central Asia","Urumqi Diwopu International Airport","Dushanbe International Airport"
"236","FRU","URC",11,"China","China","Kyrgyzstan","Central Asia","Urumqi Diwopu International Airport","Bishkek Manas International Airport"
"237","GYD","PEK",2,"China","China","Azerbaijan","West Asia & North Africa","Beijing Capital International Airport","Baku Heydar Aliyev International Airport"
"238","GYD","URC",2,"China","China","Azerbaijan","West Asia & North Africa","Urumqi Diwopu International Airport","Baku Heydar Aliyev International Airport"
"239","HAN","CAN",36,"China","China","Viet Nam","Southeast Asia","Guangzhou Baiyun International Airport","Hanoi Noi Bai International Airport"
"240","HAN","CGO",2,"China","China","Viet Nam","Southeast Asia","Zhengzhou Xinzheng International Airport","Hanoi Noi Bai International Airport"
"241","HAN","CSX",3,"China","China","Viet Nam","Southeast Asia","Changsha Huanghua International Airport","Hanoi Noi Bai International Airport"
"242","HAN","CTU",3,"China","China","Viet Nam","Southeast Asia","Chengdu Shuangliu International Airport","Hanoi Noi Bai International Airport"
"243","HAN","HAK",3,"China","China","Viet Nam","Southeast Asia","Haikou Meilan International Airport","Hanoi Noi Bai International Airport"
"244","HAN","HKG",31,"China","China","Viet Nam","Southeast Asia","Hong Kong International Airport","Hanoi Noi Bai International Airport"
"245","HAN","KHH",7,"China","China","Viet Nam","Southeast Asia","Kaohsiung  International Airport","Hanoi Noi Bai International Airport"
"246","HAN","KHN",2,"China","China","Viet Nam","Southeast Asia","Nanchang Changbei International Airport","Hanoi Noi Bai International Airport"
"247","HAN","KMG",5,"China","China","Viet Nam","Southeast Asia","Kunming Changshui International Airport","Hanoi Noi Bai International Airport"
"248","HAN","MFM",8,"China","China","Viet Nam","Southeast Asia","Aeroporto Internacional de Macau","Hanoi Noi Bai International Airport"
"249","HAN","NKG",2,"China","China","Viet Nam","Southeast Asia","Nanjing Lukou International Airport","Hanoi Noi Bai International Airport"
"250","HAN","NNG",1,"China","China","Viet Nam","Southeast Asia","Nanning Wuxu International Airport","Hanoi Noi Bai International Airport"
"251","HAN","PEK",5,"China","China","Viet Nam","Southeast Asia","Beijing Capital International Airport","Hanoi Noi Bai International Airport"
"252","HAN","PVG",6,"China","China","Viet Nam","Southeast Asia","Shanghai Pudong International Airport","Hanoi Noi Bai International Airport"
"253","HAN","RMQ",3,"China","China","Viet Nam","Southeast Asia","Baicheng Chang'an Airport","Hanoi Noi Bai International Airport"
"254","HAN","SZX",7,"China","China","Viet Nam","Southeast Asia","Shenzhen Bao'an International Airport","Hanoi Noi Bai International Airport"
"255","HAN","TPE",36,"China","China","Viet Nam","Southeast Asia","Taiwan Taoyuan International Airport","Hanoi Noi Bai International Airport"
"256","HDY","KMG",2,"China","China","Thailand","Southeast Asia","Kunming Changshui International Airport","Hat Yai International Airport"
"257","HKT","CAN",17,"China","China","Thailand","Southeast Asia","Guangzhou Baiyun International Airport","Phuket International Airport"
"258","HKT","CGO",5,"China","China","Thailand","Southeast Asia","Zhengzhou Xinzheng International Airport","Phuket International Airport"
"259","HKT","CKG",22,"China","China","Thailand","Southeast Asia","Chongqing Jiangbei International Airport","Phuket International Airport"
"260","HKT","CTU",15,"China","China","Thailand","Southeast Asia","Chengdu Shuangliu International Airport","Phuket International Airport"
"261","HKT","HAK",3,"China","China","Thailand","Southeast Asia","Haikou Meilan International Airport","Phuket International Airport"
"262","HKT","HET",1,"China","China","Thailand","Southeast Asia","Hohhot Baita International Airport","Phuket International Airport"
"263","HKT","HGH",7,"China","China","Thailand","Southeast Asia","Hangzhou Xiaoshan International Airport","Phuket International Airport"
"264","HKT","HKG",35,"China","China","Thailand","Southeast Asia","Hong Kong International Airport","Phuket International Airport"
"265","HKT","KMG",12,"China","China","Thailand","Southeast Asia","Kunming Changshui International Airport","Phuket International Airport"
"266","HKT","KWE",7,"China","China","Thailand","Southeast Asia","Guiyang Longdongbao International Airport","Phuket International Airport"
"267","HKT","NGB",4,"China","China","Thailand","Southeast Asia","Ningbo Lishe International Airport","Phuket International Airport"
"268","HKT","NKG",17,"China","China","Thailand","Southeast Asia","Nanjing Lukou International Airport","Phuket International Airport"
"269","HKT","NNG",1,"China","China","Thailand","Southeast Asia","Nanning Wuxu International Airport","Phuket International Airport"
"270","HKT","PEK",18,"China","China","Thailand","Southeast Asia","Beijing Capital International Airport","Phuket International Airport"
"271","HKT","PVG",46,"China","China","Thailand","Southeast Asia","Shanghai Pudong International Airport","Phuket International Airport"
"272","HKT","SWA",1,"China","China","Thailand","Southeast Asia","Jieyang Chaoshan International Airport","Phuket International Airport"
"273","HKT","SZX",17,"China","China","Thailand","Southeast Asia","Shenzhen Bao'an International Airport","Phuket International Airport"
"274","HKT","TSN",4,"China","China","Thailand","Southeast Asia","Tianjin Binhai International Airport","Phuket International Airport"
"275","HKT","TYN",3,"China","China","Thailand","Southeast Asia","Taiyuan Wusu International Airport","Phuket International Airport"
"276","HKT","WUH",7,"China","China","Thailand","Southeast Asia","Wuhan Tianhe International Airport","Phuket International Airport"
"277","HKT","WUX",3,"China","China","Thailand","Southeast Asia","Wuxi Sunan Shuofang International Airport","Phuket International Airport"
"278","HKT","XIY",10,"China","China","Thailand","Southeast Asia","Xi'an Xianyang International Airport","Phuket International Airport"
"279","HKT","YTY",3,"China","China","Thailand","Southeast Asia","Yangzhou Taizhou Airport","Phuket International Airport"
"280","HTA","HLD",2,"China","China","Russia","East Europe","Hailar Hulunbuir Airport","Chita Kadala Airport"
"281","HYD","HKG",3,"China","China","India","South Asia","Hong Kong International Airport","Hyderabad Rajiv Gandhi International Airport"
"282","IKA","CAN",4,"China","China","Iran","West Asia & North Africa","Guangzhou Baiyun International Airport","Tehran Imam Khomeini International Airport"
"283","IKA","PEK",9,"China","China","Iran","West Asia & North Africa","Beijing Capital International Airport","Tehran Imam Khomeini International Airport"
"284","IKA","PVG",7,"China","China","Iran","West Asia & North Africa","Shanghai Pudong International Airport","Tehran Imam Khomeini International Airport"
"285","IKA","URC",5,"China","China","Iran","West Asia & North Africa","Urumqi Diwopu International Airport","Tehran Imam Khomeini International Airport"
"286","IKT","CTU",3,"China","China","Russia","East Europe","Chengdu Shuangliu International Airport","Irkutsk International Airport"
"287","IKT","DSN",1,"China","China","Russia","East Europe","Dongsheng Ordos Ejin Horo Airport","Irkutsk International Airport"
"288","IKT","HKG",1,"China","China","Russia","East Europe","Hong Kong International Airport","Irkutsk International Airport"
"289","IKT","HRB",2,"China","China","Russia","East Europe","Harbin Taiping International Airport","Irkutsk International Airport"
"290","IKT","NZH",3,"China","China","Russia","East Europe","Manzhouli Xijiao Airport","Irkutsk International Airport"
"291","IKT","PEK",8,"China","China","Russia","East Europe","Beijing Capital International Airport","Irkutsk International Airport"
"292","IKT","PVG",1,"China","China","Russia","East Europe","Shanghai Pudong International Airport","Irkutsk International Airport"
"293","IKT","SHE",2,"China","China","Russia","East Europe","Shenyang Taoxian International Airport","Irkutsk International Airport"
"294","IKT","SYX",1,"China","China","Russia","East Europe","Sanya Phoenix International Airport","Irkutsk International Airport"
"295","ILO","HKG",2,"China","China","Philippines","Southeast Asia","Hong Kong International Airport","Iloilo International Airport"
"296","ISB","PEK",6,"China","China","Pakistan","South Asia","Beijing Capital International Airport","Islamabad Benazir Bhutto International Airport"
"297","ISB","URC",4,"China","China","Pakistan","South Asia","Urumqi Diwopu International Airport","Islamabad Benazir Bhutto International Airport"
"298","IST","CAN",7,"China","China","Turkey","West Asia & North Africa","Guangzhou Baiyun International Airport","Istanbul Ataturk International Airport"
"299","IST","HKG",6,"China","China","Turkey","West Asia & North Africa","Hong Kong International Airport","Istanbul Ataturk International Airport"
"300","IST","PEK",7,"China","China","Turkey","West Asia & North Africa","Beijing Capital International Airport","Istanbul Ataturk International Airport"
"301","IST","PVG",7,"China","China","Turkey","West Asia & North Africa","Shanghai Pudong International Airport","Istanbul Ataturk International Airport"
"302","IST","TPE",7,"China","China","Turkey","West Asia & North Africa","Taiwan Taoyuan International Airport","Istanbul Ataturk International Airport"
"303","JED","CAN",3,"China","China","Saudi Arabia","West Asia & North Africa","Guangzhou Baiyun International Airport","Jeddah King Abdulaziz International Airport"
"304","JHB","CAN",7,"China","China","Malaysia","Southeast Asia","Guangzhou Baiyun International Airport","Johor Bahru Senai International Airport"
"305","KBL","URC",1,"China","China","Afghanistan","South Asia","Urumqi Diwopu International Airport","Kabul International Airport"
"306","KBP","PEK",7,"China","China","Ukraine","East Europe","Beijing Capital International Airport","Kiev Boryspil International Airport"
"307","KBV","CAN",7,"China","China","Thailand","Southeast Asia","Guangzhou Baiyun International Airport","Krabi Airport"
"308","KBV","CGO",4,"China","China","Thailand","Southeast Asia","Zhengzhou Xinzheng International Airport","Krabi Airport"
"309","KBV","CKG",3,"China","China","Thailand","Southeast Asia","Chongqing Jiangbei International Airport","Krabi Airport"
"310","KBV","CSX",3,"China","China","Thailand","Southeast Asia","Changsha Huanghua International Airport","Krabi Airport"
"311","KBV","CTU",7,"China","China","Thailand","Southeast Asia","Chengdu Shuangliu International Airport","Krabi Airport"
"312","KBV","KMG",4,"China","China","Thailand","Southeast Asia","Kunming Changshui International Airport","Krabi Airport"
"313","KBV","PVG",17,"China","China","Thailand","Southeast Asia","Shanghai Pudong International Airport","Krabi Airport"
"314","KBV","TNA",4,"China","China","Thailand","Southeast Asia","Jinan Yaoqiang International Airport","Krabi Airport"
"315","KBV","TSN",4,"China","China","Thailand","Southeast Asia","Tianjin Binhai International Airport","Krabi Airport"
"316","KBV","WUH",4,"China","China","Thailand","Southeast Asia","Wuhan Tianhe International Airport","Krabi Airport"
"317","KBV","XIY",4,"China","China","Thailand","Southeast Asia","Xi'an Xianyang International Airport","Krabi Airport"
"318","KHV","HRB",3,"China","China","Russia","East Europe","Harbin Taiping International Airport","Khabarovsk Novy Airport"
"319","KHV","PEK",2,"China","China","Russia","East Europe","Beijing Capital International Airport","Khabarovsk Novy Airport"
"320","KHV","SYX",1,"China","China","Russia","East Europe","Sanya Phoenix International Airport","Khabarovsk Novy Airport"
"321","KJA","HRB",1,"China","China","Russia","East Europe","Harbin Taiping International Airport","Krasnoyarsk Yemelyanovo Airport"
"322","KJA","NZH",1,"China","China","Russia","East Europe","Manzhouli Xijiao Airport","Krasnoyarsk Yemelyanovo Airport"
"323","KJA","PEK",2,"China","China","Russia","East Europe","Beijing Capital International Airport","Krasnoyarsk Yemelyanovo Airport"
"324","KJA","SYX",2,"China","China","Russia","East Europe","Sanya Phoenix International Airport","Krasnoyarsk Yemelyanovo Airport"
"325","KLO","CAN",3,"China","China","Philippines","Southeast Asia","Guangzhou Baiyun International Airport","Kalibo International Airport"
"326","KLO","HGH",2,"China","China","Philippines","Southeast Asia","Hangzhou Xiaoshan International Airport","Kalibo International Airport"
"327","KLO","PEK",2,"China","China","Philippines","Southeast Asia","Beijing Capital International Airport","Kalibo International Airport"
"328","KLO","PVG",12,"China","China","Philippines","Southeast Asia","Shanghai Pudong International Airport","Kalibo International Airport"
"329","KLO","TPE",2,"China","China","Philippines","Southeast Asia","Taiwan Taoyuan International Airport","Kalibo International Airport"
"330","KOS","CTU",4,"China","China","Cambodia","Southeast Asia","Chengdu Shuangliu International Airport","Sihanoukville International Airport"
"331","KOS","TSN",7,"China","China","Cambodia","Southeast Asia","Tianjin Binhai International Airport","Sihanoukville International Airport"
"332","KOS","WUH",1,"China","China","Cambodia","Southeast Asia","Wuhan Tianhe International Airport","Sihanoukville International Airport"
"333","KOS","WUX",2,"China","China","Cambodia","Southeast Asia","Wuxi Sunan Shuofang International Airport","Sihanoukville International Airport"
"334","KTM","CAN",14,"China","China","Nepal","South Asia","Guangzhou Baiyun International Airport","Kathmandu Tribhuvan International Airport"
"335","KTM","CTU",22,"China","China","Nepal","South Asia","Chengdu Shuangliu International Airport","Kathmandu Tribhuvan International Airport"
"336","KTM","HKG",8,"China","China","Nepal","South Asia","Hong Kong International Airport","Kathmandu Tribhuvan International Airport"
"337","KTM","KMG",14,"China","China","Nepal","South Asia","Kunming Changshui International Airport","Kathmandu Tribhuvan International Airport"
"338","KTM","LXA",11,"China","China","Nepal","South Asia","Lhasa Gonggar Airport","Kathmandu Tribhuvan International Airport"
"339","KTM","XIY",3,"China","China","Nepal","South Asia","Xi'an Xianyang International Airport","Kathmandu Tribhuvan International Airport"
"340","KUL","CAN",56,"China","China","Malaysia","Southeast Asia","Guangzhou Baiyun International Airport","Kuala Lumpur International Airport"
"341","KUL","CKG",4,"China","China","Malaysia","Southeast Asia","Chongqing Jiangbei International Airport","Kuala Lumpur International Airport"
"342","KUL","CSX",14,"China","China","Malaysia","Southeast Asia","Changsha Huanghua International Airport","Kuala Lumpur International Airport"
"343","KUL","CTU",7,"China","China","Malaysia","Southeast Asia","Chengdu Shuangliu International Airport","Kuala Lumpur International Airport"
"344","KUL","FOC",10,"China","China","Malaysia","Southeast Asia","Fuzhou Changle International Airport","Kuala Lumpur International Airport"
"345","KUL","HAK",4,"China","China","Malaysia","Southeast Asia","Haikou Meilan International Airport","Kuala Lumpur International Airport"
"346","KUL","HGH",11,"China","China","Malaysia","Southeast Asia","Hangzhou Xiaoshan International Airport","Kuala Lumpur International Airport"
"347","KUL","HKG",83,"China","China","Malaysia","Southeast Asia","Hong Kong International Airport","Kuala Lumpur International Airport"
"348","KUL","KHH",7,"China","China","Malaysia","Southeast Asia","Kaohsiung  International Airport","Kuala Lumpur International Airport"
"349","KUL","KMG",11,"China","China","Malaysia","Southeast Asia","Kunming Changshui International Airport","Kuala Lumpur International Airport"
"350","KUL","KWE",2,"China","China","Malaysia","Southeast Asia","Guiyang Longdongbao International Airport","Kuala Lumpur International Airport"
"351","KUL","KWL",4,"China","China","Malaysia","Southeast Asia","Guilin Liangjiang International Airport","Kuala Lumpur International Airport"
"352","KUL","MFM",14,"China","China","Malaysia","Southeast Asia","Aeroporto Internacional de Macau","Kuala Lumpur International Airport"
"353","KUL","NKG",2,"China","China","Malaysia","Southeast Asia","Nanjing Lukou International Airport","Kuala Lumpur International Airport"
"354","KUL","NNG",6,"China","China","Malaysia","Southeast Asia","Nanning Wuxu International Airport","Kuala Lumpur International Airport"
"355","KUL","PEK",24,"China","China","Malaysia","Southeast Asia","Beijing Capital International Airport","Kuala Lumpur International Airport"
"356","KUL","PVG",39,"China","China","Malaysia","Southeast Asia","Shanghai Pudong International Airport","Kuala Lumpur International Airport"
"357","KUL","SWA",7,"China","China","Malaysia","Southeast Asia","Jieyang Chaoshan International Airport","Kuala Lumpur International Airport"
"358","KUL","SZX",29,"China","China","Malaysia","Southeast Asia","Shenzhen Bao'an International Airport","Kuala Lumpur International Airport"
"359","KUL","TPE",59,"China","China","Malaysia","Southeast Asia","Taiwan Taoyuan International Airport","Kuala Lumpur International Airport"
"360","KUL","WUH",13,"China","China","Malaysia","Southeast Asia","Wuhan Tianhe International Airport","Kuala Lumpur International Airport"
"361","KUL","XIY",4,"China","China","Malaysia","Southeast Asia","Xi'an Xianyang International Airport","Kuala Lumpur International Airport"
"362","KUL","XMN",18,"China","China","Malaysia","Southeast Asia","Xiamen Gaoqi International Airport","Kuala Lumpur International Airport"
"363","LAO","CAN",2,"China","China","Philippines","Southeast Asia","Guangzhou Baiyun International Airport","Laoag City International Airport"
"364","LBD","URC",2,"China","China","Tajikistan","Central Asia","Urumqi Diwopu International Airport","Khudzhand Khujand Airport"
"365","LED","PEK",4,"China","China","Russia","East Europe","Beijing Capital International Airport","St. Petersburg Pulkovo Airport"
"366","LED","PVG",4,"China","China","Russia","East Europe","Shanghai Pudong International Airport","St. Petersburg Pulkovo Airport"
"367","LED","URC",4,"China","China","Russia","East Europe","Urumqi Diwopu International Airport","St. Petersburg Pulkovo Airport"
"368","LGK","CAN",7,"China","China","Malaysia","Southeast Asia","Guangzhou Baiyun International Airport","Langkawi International Airport"
"369","LGK","SZX",3,"China","China","Malaysia","Southeast Asia","Shenzhen Bao'an International Airport","Langkawi International Airport"
"370","LHE","CAN",2,"China","China","Pakistan","South Asia","Guangzhou Baiyun International Airport","Lahore Allama Iqbal International Airport"
"371","LPQ","CTU",3,"China","China","Lao People's Democratic Republic","Southeast Asia","Chengdu Shuangliu International Airport","Luang Prabang International Airport"
"372","LPQ","HAK",1,"China","China","Lao People's Democratic Republic","Southeast Asia","Haikou Meilan International Airport","Luang Prabang International Airport"
"373","LPQ","JHG",2,"China","China","Lao People's Democratic Republic","Southeast Asia","Jinghong Xishuangbanna Gasa Airport","Luang Prabang International Airport"
"374","LPQ","KMG",4,"China","China","Lao People's Democratic Republic","Southeast Asia","Kunming Changshui International Airport","Luang Prabang International Airport"
"375","MAA","HKG",6,"China","China","India","South Asia","Hong Kong International Airport","Chennai International Airport"
"376","MCT","CAN",4,"China","China","Oman","West Asia & North Africa","Guangzhou Baiyun International Airport","Muscat International Airport"
"377","MDC","CAN",4,"China","China","Indonesia","Southeast Asia","Guangzhou Baiyun International Airport","Manado Sam Ratulangi International Airport"
"378","MDC","CSX",4,"China","China","Indonesia","Southeast Asia","Changsha Huanghua International Airport","Manado Sam Ratulangi International Airport"
"379","MDC","PVG",4,"China","China","Indonesia","Southeast Asia","Shanghai Pudong International Airport","Manado Sam Ratulangi International Airport"
"380","MDC","SZX",4,"China","China","Indonesia","Southeast Asia","Shenzhen Bao'an International Airport","Manado Sam Ratulangi International Airport"
"381","MDL","HKG",1,"China","China","Myanmar","Southeast Asia","Hong Kong International Airport","Mandalay International Airport"
"382","MDL","KMG",14,"China","China","Myanmar","Southeast Asia","Kunming Changshui International Airport","Mandalay International Airport"
"383","MLE","HKG",4,"China","China","Maldives","South Asia","Hong Kong International Airport","Male Velana International Airport"
"384","MLE","PEK",3,"China","China","Maldives","South Asia","Beijing Capital International Airport","Male Velana International Airport"
"385","MLE","PVG",3,"China","China","Maldives","South Asia","Shanghai Pudong International Airport","Male Velana International Airport"
"386","MNL","CAN",33,"China","China","Philippines","Southeast Asia","Guangzhou Baiyun International Airport","Manila Ninoy Aquino International Airport"
"387","MNL","HKG",109,"China","China","Philippines","Southeast Asia","Hong Kong International Airport","Manila Ninoy Aquino International Airport"
"388","MNL","JJN",12,"China","China","Philippines","Southeast Asia","Quanzhou Jinjiang Airport","Manila Ninoy Aquino International Airport"
"389","MNL","KHH",4,"China","China","Philippines","Southeast Asia","Kaohsiung  International Airport","Manila Ninoy Aquino International Airport"
"390","MNL","KMG",3,"China","China","Philippines","Southeast Asia","Kunming Changshui International Airport","Manila Ninoy Aquino International Airport"
"391","MNL","MFM",17,"China","China","Philippines","Southeast Asia","Aeroporto Internacional de Macau","Manila Ninoy Aquino International Airport"
"392","MNL","PEK",15,"China","China","Philippines","Southeast Asia","Beijing Capital International Airport","Manila Ninoy Aquino International Airport"
"393","MNL","PVG",24,"China","China","Philippines","Southeast Asia","Shanghai Pudong International Airport","Manila Ninoy Aquino International Airport"
"394","MNL","SZX",3,"China","China","Philippines","Southeast Asia","Shenzhen Bao'an International Airport","Manila Ninoy Aquino International Airport"
"395","MNL","TPE",66,"China","China","Philippines","Southeast Asia","Taiwan Taoyuan International Airport","Manila Ninoy Aquino International Airport"
"396","MNL","XMN",23,"China","China","Philippines","Southeast Asia","Xiamen Gaoqi International Airport","Manila Ninoy Aquino International Airport"
"397","MSQ","PEK",4,"China","China","Belarus","East Europe","Beijing Capital International Airport","Minsk International Airport"
"398","NYT","KMG",2,"China","China","Myanmar","Southeast Asia","Kunming Changshui International Airport","Naypyidaw Airport"
"399","OVB","HKG",2,"China","China","Russia","East Europe","Hong Kong International Airport","Novosibirsk Tolmachevo Airport"
"400","OVB","HRB",1,"China","China","Russia","East Europe","Harbin Taiping International Airport","Novosibirsk Tolmachevo Airport"
"401","OVB","PEK",5,"China","China","Russia","East Europe","Beijing Capital International Airport","Novosibirsk Tolmachevo Airport"
"402","OVB","PVG",1,"China","China","Russia","East Europe","Shanghai Pudong International Airport","Novosibirsk Tolmachevo Airport"
"403","OVB","SYX",3,"China","China","Russia","East Europe","Sanya Phoenix International Airport","Novosibirsk Tolmachevo Airport"
"404","OVB","URC",4,"China","China","Russia","East Europe","Urumqi Diwopu International Airport","Novosibirsk Tolmachevo Airport"
"405","PEN","CAN",7,"China","China","Malaysia","Southeast Asia","Guangzhou Baiyun International Airport","Penang International Airport"
"406","PEN","HAK",2,"China","China","Malaysia","Southeast Asia","Haikou Meilan International Airport","Penang International Airport"
"407","PEN","HKG",12,"China","China","Malaysia","Southeast Asia","Hong Kong International Airport","Penang International Airport"
"408","PEN","KMG",2,"China","China","Malaysia","Southeast Asia","Kunming Changshui International Airport","Penang International Airport"
"409","PEN","SYX",1,"China","China","Malaysia","Southeast Asia","Sanya Phoenix International Airport","Penang International Airport"
"410","PEN","TPE",5,"China","China","Malaysia","Southeast Asia","Taiwan Taoyuan International Airport","Penang International Airport"
"411","PEN","WUH",3,"China","China","Malaysia","Southeast Asia","Wuhan Tianhe International Airport","Penang International Airport"
"412","PNH","CAN",23,"China","China","Cambodia","Southeast Asia","Guangzhou Baiyun International Airport","Phnom Penh International Airport"
"413","PNH","CKG",1,"China","China","Cambodia","Southeast Asia","Chongqing Jiangbei International Airport","Phnom Penh International Airport"
"414","PNH","HAK",1,"China","China","Cambodia","Southeast Asia","Haikou Meilan International Airport","Phnom Penh International Airport"
"415","PNH","HKG",18,"China","China","Cambodia","Southeast Asia","Hong Kong International Airport","Phnom Penh International Airport"
"416","PNH","KMG",4,"China","China","Cambodia","Southeast Asia","Kunming Changshui International Airport","Phnom Penh International Airport"
"417","PNH","MFM",6,"China","China","Cambodia","Southeast Asia","Aeroporto Internacional de Macau","Phnom Penh International Airport"
"418","PNH","NNG",2,"China","China","Cambodia","Southeast Asia","Nanning Wuxu International Airport","Phnom Penh International Airport"
"419","PNH","PVG",16,"China","China","Cambodia","Southeast Asia","Shanghai Pudong International Airport","Phnom Penh International Airport"
"420","PNH","SYX",2,"China","China","Cambodia","Southeast Asia","Sanya Phoenix International Airport","Phnom Penh International Airport"
"421","PNH","SZX",9,"China","China","Cambodia","Southeast Asia","Shenzhen Bao'an International Airport","Phnom Penh International Airport"
"422","PNH","TPE",19,"China","China","Cambodia","Southeast Asia","Taiwan Taoyuan International Airport","Phnom Penh International Airport"
"423","PNH","ZHA",2,"China","China","Cambodia","Southeast Asia","Zhanjiang Airport","Phnom Penh International Airport"
"424","PPS","TPE",1,"China","China","Philippines","Southeast Asia","Taiwan Taoyuan International Airport","Puerto Princesa City International Airport"
"425","PQC","CAN",4,"China","China","Viet Nam","Southeast Asia","Guangzhou Baiyun International Airport","Phu Quoc International Airport"
"426","PQC","KMG",2,"China","China","Viet Nam","Southeast Asia","Kunming Changshui International Airport","Phu Quoc International Airport"
"427","PQC","WNZ",2,"China","China","Viet Nam","Southeast Asia","Wenzhou Longwan International Airport","Phu Quoc International Airport"
"428","PRG","CTU",2,"China","China","Czech Republic","East Europe","Chengdu Shuangliu International Airport","Prague Vaclav Havel Airport"
"429","PRG","PEK",3,"China","China","Czech Republic","East Europe","Beijing Capital International Airport","Prague Vaclav Havel Airport"
"430","PRG","PVG",4,"China","China","Czech Republic","East Europe","Shanghai Pudong International Airport","Prague Vaclav Havel Airport"
"431","REP","CAN",25,"China","China","Cambodia","Southeast Asia","Guangzhou Baiyun International Airport","Siem Reap International Airport"
"432","REP","CGO",6,"China","China","Cambodia","Southeast Asia","Zhengzhou Xinzheng International Airport","Siem Reap International Airport"
"433","REP","CKG",4,"China","China","Cambodia","Southeast Asia","Chongqing Jiangbei International Airport","Siem Reap International Airport"
"434","REP","CTU",4,"China","China","Cambodia","Southeast Asia","Chengdu Shuangliu International Airport","Siem Reap International Airport"
"435","REP","DAT",3,"China","China","Cambodia","Southeast Asia","Datong Yungang Airport","Siem Reap International Airport"
"436","REP","FOC",2,"China","China","Cambodia","Southeast Asia","Fuzhou Changle International Airport","Siem Reap International Airport"
"437","REP","HAK",2,"China","China","Cambodia","Southeast Asia","Haikou Meilan International Airport","Siem Reap International Airport"
"438","REP","HFE",3,"China","China","Cambodia","Southeast Asia","Hefei Xinqiao International Airport","Siem Reap International Airport"
"439","REP","HGH",3,"China","China","Cambodia","Southeast Asia","Hangzhou Xiaoshan International Airport","Siem Reap International Airport"
"440","REP","HKG",7,"China","China","Cambodia","Southeast Asia","Hong Kong International Airport","Siem Reap International Airport"
"441","REP","KHN",4,"China","China","Cambodia","Southeast Asia","Nanchang Changbei International Airport","Siem Reap International Airport"
"442","REP","KMG",3,"China","China","Cambodia","Southeast Asia","Kunming Changshui International Airport","Siem Reap International Airport"
"443","REP","MFM",6,"China","China","Cambodia","Southeast Asia","Aeroporto Internacional de Macau","Siem Reap International Airport"
"444","REP","NKG",5,"China","China","Cambodia","Southeast Asia","Nanjing Lukou International Airport","Siem Reap International Airport"
"445","REP","NNG",5,"China","China","Cambodia","Southeast Asia","Nanning Wuxu International Airport","Siem Reap International Airport"
"446","REP","PEK",6,"China","China","Cambodia","Southeast Asia","Beijing Capital International Airport","Siem Reap International Airport"
"447","REP","PVG",14,"China","China","Cambodia","Southeast Asia","Shanghai Pudong International Airport","Siem Reap International Airport"
"448","REP","SYX",1,"China","China","Cambodia","Southeast Asia","Sanya Phoenix International Airport","Siem Reap International Airport"
"449","REP","SZX",2,"China","China","Cambodia","Southeast Asia","Shenzhen Bao'an International Airport","Siem Reap International Airport"
"450","REP","TPE",4,"China","China","Cambodia","Southeast Asia","Taiwan Taoyuan International Airport","Siem Reap International Airport"
"451","REP","WUX",1,"China","China","Cambodia","Southeast Asia","Wuxi Sunan Shuofang International Airport","Siem Reap International Airport"
"452","REP","XMN",2,"China","China","Cambodia","Southeast Asia","Xiamen Gaoqi International Airport","Siem Reap International Airport"
"453","RGN","CAN",8,"China","China","Myanmar","Southeast Asia","Guangzhou Baiyun International Airport","Yangon International Airport"
"454","RGN","HKG",11,"China","China","Myanmar","Southeast Asia","Hong Kong International Airport","Yangon International Airport"
"455","RGN","KMG",15,"China","China","Myanmar","Southeast Asia","Kunming Changshui International Airport","Yangon International Airport"
"456","RGN","NNG",1,"China","China","Myanmar","Southeast Asia","Nanning Wuxu International Airport","Yangon International Airport"
"457","RGN","PEK",4,"China","China","Myanmar","Southeast Asia","Beijing Capital International Airport","Yangon International Airport"
"458","RGN","TPE",6,"China","China","Myanmar","Southeast Asia","Taiwan Taoyuan International Airport","Yangon International Airport"
"459","RUH","CAN",4,"China","China","Saudi Arabia","West Asia & North Africa","Guangzhou Baiyun International Airport","Riyadh King Khalid International Airport"
"460","SGN","CAN",40,"China","China","Viet Nam","Southeast Asia","Guangzhou Baiyun International Airport","Ho Chi Minh City International Airport"
"461","SGN","HKG",43,"China","China","Viet Nam","Southeast Asia","Hong Kong International Airport","Ho Chi Minh City International Airport"
"462","SGN","KHH",15,"China","China","Viet Nam","Southeast Asia","Kaohsiung  International Airport","Ho Chi Minh City International Airport"
"463","SGN","KMG",3,"China","China","Viet Nam","Southeast Asia","Kunming Changshui International Airport","Ho Chi Minh City International Airport"
"464","SGN","NNG",3,"China","China","Viet Nam","Southeast Asia","Nanning Wuxu International Airport","Ho Chi Minh City International Airport"
"465","SGN","PEK",14,"China","China","Viet Nam","Southeast Asia","Beijing Capital International Airport","Ho Chi Minh City International Airport"
"466","SGN","PVG",25,"China","China","Viet Nam","Southeast Asia","Shanghai Pudong International Airport","Ho Chi Minh City International Airport"
"467","SGN","RMQ",11,"China","China","Viet Nam","Southeast Asia","Baicheng Chang'an Airport","Ho Chi Minh City International Airport"
"468","SGN","SZX",7,"China","China","Viet Nam","Southeast Asia","Shenzhen Bao'an International Airport","Ho Chi Minh City International Airport"
"469","SGN","TPE",63,"China","China","Viet Nam","Southeast Asia","Taiwan Taoyuan International Airport","Ho Chi Minh City International Airport"
"470","SGN","XMN",7,"China","China","Viet Nam","Southeast Asia","Xiamen Gaoqi International Airport","Ho Chi Minh City International Airport"
"471","SHJ","URC",3,"China","China","United Arab Emirates","West Asia & North Africa","Urumqi Diwopu International Airport","Sharjah International Airport"
"472","SIN","CAN",62,"China","China","Singapore","Southeast Asia","Guangzhou Baiyun International Airport","Singapore Changi Airport"
"473","SIN","CGO",11,"China","China","Singapore","Southeast Asia","Zhengzhou Xinzheng International Airport","Singapore Changi Airport"
"474","SIN","CKG",14,"China","China","Singapore","Southeast Asia","Chongqing Jiangbei International Airport","Singapore Changi Airport"
"475","SIN","CSX",5,"China","China","Singapore","Southeast Asia","Changsha Huanghua International Airport","Singapore Changi Airport"
"476","SIN","CTU",28,"China","China","Singapore","Southeast Asia","Chengdu Shuangliu International Airport","Singapore Changi Airport"
"477","SIN","FOC",11,"China","China","Singapore","Southeast Asia","Fuzhou Changle International Airport","Singapore Changi Airport"
"478","SIN","HAK",10,"China","China","Singapore","Southeast Asia","Haikou Meilan International Airport","Singapore Changi Airport"
"479","SIN","HGH",17,"China","China","Singapore","Southeast Asia","Hangzhou Xiaoshan International Airport","Singapore Changi Airport"
"480","SIN","HKG",155,"China","China","Singapore","Southeast Asia","Hong Kong International Airport","Singapore Changi Airport"
"481","SIN","JJN",7,"China","China","Singapore","Southeast Asia","Quanzhou Jinjiang Airport","Singapore Changi Airport"
"482","SIN","KHH",5,"China","China","Singapore","Southeast Asia","Kaohsiung  International Airport","Singapore Changi Airport"
"483","SIN","KMG",9,"China","China","Singapore","Southeast Asia","Kunming Changshui International Airport","Singapore Changi Airport"
"484","SIN","MFM",9,"China","China","Singapore","Southeast Asia","Aeroporto Internacional de Macau","Singapore Changi Airport"
"485","SIN","NGB",1,"China","China","Singapore","Southeast Asia","Ningbo Lishe International Airport","Singapore Changi Airport"
"486","SIN","NKG",8,"China","China","Singapore","Southeast Asia","Nanjing Lukou International Airport","Singapore Changi Airport"
"487","SIN","NNG",3,"China","China","Singapore","Southeast Asia","Nanning Wuxu International Airport","Singapore Changi Airport"
"488","SIN","PEK",35,"China","China","Singapore","Southeast Asia","Beijing Capital International Airport","Singapore Changi Airport"
"489","SIN","PVG",71,"China","China","Singapore","Southeast Asia","Shanghai Pudong International Airport","Singapore Changi Airport"
"490","SIN","SHE",7,"China","China","Singapore","Southeast Asia","Shenyang Taoxian International Airport","Singapore Changi Airport"
"491","SIN","SWA",3,"China","China","Singapore","Southeast Asia","Jieyang Chaoshan International Airport","Singapore Changi Airport"
"492","SIN","SZX",25,"China","China","Singapore","Southeast Asia","Shenzhen Bao'an International Airport","Singapore Changi Airport"
"493","SIN","TAO",5,"China","China","Singapore","Southeast Asia","Qingdao Liuting International Airport","Singapore Changi Airport"
"494","SIN","TNA",1,"China","China","Singapore","Southeast Asia","Jinan Yaoqiang International Airport","Singapore Changi Airport"
"495","SIN","TPE",73,"China","China","Singapore","Southeast Asia","Taiwan Taoyuan International Airport","Singapore Changi Airport"
"496","SIN","TSN",7,"China","China","Singapore","Southeast Asia","Tianjin Binhai International Airport","Singapore Changi Airport"
"497","SIN","WUH",7,"China","China","Singapore","Southeast Asia","Wuhan Tianhe International Airport","Singapore Changi Airport"
"498","SIN","WUX",4,"China","China","Singapore","Southeast Asia","Wuxi Sunan Shuofang International Airport","Singapore Changi Airport"
"499","SIN","XIY",11,"China","China","Singapore","Southeast Asia","Xi'an Xianyang International Airport","Singapore Changi Airport"
"500","SIN","XMN",23,"China","China","Singapore","Southeast Asia","Xiamen Gaoqi International Airport","Singapore Changi Airport"
"501","SUB","HKG",7,"China","China","Indonesia","Southeast Asia","Hong Kong International Airport","Surabaya Juanda International Airport"
"502","SVO","CAN",14,"China","China","Russia","East Europe","Guangzhou Baiyun International Airport","Moscow Sheremetyevo International Airport"
"503","SVO","CKG",2,"China","China","Russia","East Europe","Chongqing Jiangbei International Airport","Moscow Sheremetyevo International Airport"
"504","SVO","CTU",2,"China","China","Russia","East Europe","Chengdu Shuangliu International Airport","Moscow Sheremetyevo International Airport"
"505","SVO","HKG",7,"China","China","Russia","East Europe","Hong Kong International Airport","Moscow Sheremetyevo International Airport"
"506","SVO","PEK",30,"China","China","Russia","East Europe","Beijing Capital International Airport","Moscow Sheremetyevo International Airport"
"507","SVO","PVG",28,"China","China","Russia","East Europe","Shanghai Pudong International Airport","Moscow Sheremetyevo International Airport"
"508","SVO","SZX",2,"China","China","Russia","East Europe","Shenzhen Bao'an International Airport","Moscow Sheremetyevo International Airport"
"509","SVO","TAO",4,"China","China","Russia","East Europe","Qingdao Liuting International Airport","Moscow Sheremetyevo International Airport"
"510","SVO","TSN",2,"China","China","Russia","East Europe","Tianjin Binhai International Airport","Moscow Sheremetyevo International Airport"
"511","SVO","URC",4,"China","China","Russia","East Europe","Urumqi Diwopu International Airport","Moscow Sheremetyevo International Airport"
"512","SVO","WUH",3,"China","China","Russia","East Europe","Wuhan Tianhe International Airport","Moscow Sheremetyevo International Airport"
"513","SVO","XIY",3,"China","China","Russia","East Europe","Xi'an Xianyang International Airport","Moscow Sheremetyevo International Airport"
"514","SVX","HRB",2,"China","China","Russia","East Europe","Harbin Taiping International Airport","Yekaterinburg Koltsovo Airport"
"515","SVX","PEK",5,"China","China","Russia","East Europe","Beijing Capital International Airport","Yekaterinburg Koltsovo Airport"
"516","TAS","PEK",4,"China","China","Uzbekistan","Central Asia","Beijing Capital International Airport","Tashkent International Airport"
"517","TAS","URC",4,"China","China","Uzbekistan","Central Asia","Urumqi Diwopu International Airport","Tashkent International Airport"
"518","TBS","URC",3,"China","China","Georgia","West Asia & North Africa","Urumqi Diwopu International Airport","Tbilisi International Airport"
"519","TLV","HKG",12,"China","China","Israel","West Asia & North Africa","Hong Kong International Airport","Tel Aviv Ben Gurion International Airport"
"520","TLV","PEK",7,"China","China","Israel","West Asia & North Africa","Beijing Capital International Airport","Tel Aviv Ben Gurion International Airport"
"521","TLV","PVG",3,"China","China","Israel","West Asia & North Africa","Shanghai Pudong International Airport","Tel Aviv Ben Gurion International Airport"
"522","TSE","PEK",7,"China","China","Kazakhstan","Central Asia","Beijing Capital International Airport","Astana International Airport"
"523","TSE","URC",10,"China","China","Kazakhstan","Central Asia","Urumqi Diwopu International Airport","Astana International Airport"
"524","ULN","BAV",3,"China","China","Mongolia","East Asia","Baotou Erliban Airport","Ulan Bator Chinggis Khaan International Airport"
"525","ULN","ERL",7,"China","China","Mongolia","East Asia","Erenhot Saiwusu International Airport","Ulan Bator Chinggis Khaan International Airport"
"526","ULN","HET",5,"China","China","Mongolia","East Asia","Hohhot Baita International Airport","Ulan Bator Chinggis Khaan International Airport"
"527","ULN","HKG",4,"China","China","Mongolia","East Asia","Hong Kong International Airport","Ulan Bator Chinggis Khaan International Airport"
"528","ULN","HLD",2,"China","China","Mongolia","East Asia","Hailar Hulunbuir Airport","Ulan Bator Chinggis Khaan International Airport"
"529","ULN","NZH",3,"China","China","Mongolia","East Asia","Manzhouli Xijiao Airport","Ulan Bator Chinggis Khaan International Airport"
"530","ULN","PEK",14,"China","China","Mongolia","East Asia","Beijing Capital International Airport","Ulan Bator Chinggis Khaan International Airport"
"531","URT","CTU",4,"China","China","Thailand","Southeast Asia","Chengdu Shuangliu International Airport","Surat Thani Airport"
"532","URT","HGH",4,"China","China","Thailand","Southeast Asia","Hangzhou Xiaoshan International Airport","Surat Thani Airport"
"533","URT","PVG",3,"China","China","Thailand","Southeast Asia","Shanghai Pudong International Airport","Surat Thani Airport"
"534","URT","WUH",4,"China","China","Thailand","Southeast Asia","Wuhan Tianhe International Airport","Surat Thani Airport"
"535","USM","CAN",7,"China","China","Thailand","Southeast Asia","Guangzhou Baiyun International Airport","Koh Samui Airport"
"536","USM","CKG",3,"China","China","Thailand","Southeast Asia","Chongqing Jiangbei International Airport","Koh Samui Airport"
"537","USM","CTU",5,"China","China","Thailand","Southeast Asia","Chengdu Shuangliu International Airport","Koh Samui Airport"
"538","USM","HKG",14,"China","China","Thailand","Southeast Asia","Hong Kong International Airport","Koh Samui Airport"
"539","USM","KMG",3,"China","China","Thailand","Southeast Asia","Kunming Changshui International Airport","Koh Samui Airport"
"540","USM","XIY",4,"China","China","Thailand","Southeast Asia","Xi'an Xianyang International Airport","Koh Samui Airport"
"541","UTP","HAK",3,"China","China","Thailand","Southeast Asia","Haikou Meilan International Airport","Rayong Pattaya U-Tapao International Airport"
"542","UTP","HGH",3,"China","China","Thailand","Southeast Asia","Hangzhou Xiaoshan International Airport","Rayong Pattaya U-Tapao International Airport"
"543","UTP","KHN",4,"China","China","Thailand","Southeast Asia","Nanchang Changbei International Airport","Rayong Pattaya U-Tapao International Airport"
"544","UTP","MFM",4,"China","China","Thailand","Southeast Asia","Aeroporto Internacional de Macau","Rayong Pattaya U-Tapao International Airport"
"545","UTP","NNG",3,"China","China","Thailand","Southeast Asia","Nanning Wuxu International Airport","Rayong Pattaya U-Tapao International Airport"
"546","UTP","SYX",3,"China","China","Thailand","Southeast Asia","Sanya Phoenix International Airport","Rayong Pattaya U-Tapao International Airport"
"547","UUD","PEK",2,"China","China","Russia","East Europe","Beijing Capital International Airport","Ulan-Ude Airport"
"548","VKO","SYX",2,"China","China","Russia","East Europe","Sanya Phoenix International Airport","Moscow Vnukovo International Airport"
"549","VTE","CAN",6,"China","China","Lao People's Democratic Republic","Southeast Asia","Guangzhou Baiyun International Airport","Vientiane Wattay International Airport"
"550","VTE","CSX",2,"China","China","Lao People's Democratic Republic","Southeast Asia","Changsha Huanghua International Airport","Vientiane Wattay International Airport"
"551","VTE","CZX",1,"China","China","Lao People's Democratic Republic","Southeast Asia","Changzhou Benniu Airport","Vientiane Wattay International Airport"
"552","VTE","HAK",2,"China","China","Lao People's Democratic Republic","Southeast Asia","Haikou Meilan International Airport","Vientiane Wattay International Airport"
"553","VTE","KMG",26,"China","China","Lao People's Democratic Republic","Southeast Asia","Kunming Changshui International Airport","Vientiane Wattay International Airport"
"554","VTE","NNG",3,"China","China","Lao People's Democratic Republic","Southeast Asia","Nanning Wuxu International Airport","Vientiane Wattay International Airport"
"555","VVO","CGQ",4,"China","China","Russia","East Europe","Changchun Longjia International Airport","Vladivostok International Airport"
"556","VVO","HKG",4,"China","China","Russia","East Europe","Hong Kong International Airport","Vladivostok International Airport"
"557","VVO","HRB",5,"China","China","Russia","East Europe","Harbin Taiping International Airport","Vladivostok International Airport"
"558","VVO","PEK",4,"China","China","Russia","East Europe","Beijing Capital International Airport","Vladivostok International Airport"
"559","VVO","PVG",2,"China","China","Russia","East Europe","Shanghai Pudong International Airport","Vladivostok International Airport"
"560","VVO","SYX",1,"China","China","Russia","East Europe","Sanya Phoenix International Airport","Vladivostok International Airport"
"561","WAW","PEK",7,"China","China","Poland","East Europe","Beijing Capital International Airport","Warsaw Chopin Airport"
"562","YKS","HRB",1,"China","China","Russia","East Europe","Harbin Taiping International Airport","Yakutsk Airport"
