IATA,LONG,LAT,Airport,Country,Region
ALA,77.0405,43.3521,Almaty Airport,Kazakhstan,Central Asia
ARH,40.7167,64.6003,Arkhangelsk Talagi Airport,Russia,East Europe
ASB,58.361,37.9868,Ashgabat Airport,Turkmenistan,Central Asia
AUH,54.6511,24.433,Abu Dhabi Airport,United Arab Emirates,West Asia & North Africa
BAV,109.9983,40.55944,Baotou Erliban Airport,China,China
BGW,44.2346,33.2625,Baghdad Airport,Iraq,West Asia & North Africa
BHY,109.2939,21.53944,Beihai Fucheng Airport,China,China
BKI,116.051,5.9372,Kota Kinabalu Airport,Malaysia,Southeast Asia
BKK,100.747,13.6811,Bangkok Suvarnabhumi Airport,Thailand,Southeast Asia
BLR,77.7063,13.1979,Bangalore Kempegowda Airport,India,South Asia
BOM,72.8679,19.0887,Mumbai Chhatrapati Shivaji Airport,India,South Asia
BPE,119.7311,39.9681,Qinhuangdao Beidaihe Airport,China,China
BWN,114.928,4.9442,Brunei Airport,Brunei,Southeast Asia
CAI,31.4056,30.1219,Cairo Airport,Egypt,West Asia & North Africa
CAN,113.3097,23.39139,Guangzhou Baiyun Airport,China,China
CCU,88.4467,22.6547,Kolkata Airport,India,South Asia
CEB,123.979,10.3075,Cebu Mactan Airport,Philippines,Southeast Asia
CEI,99.8829,19.9523,Chiang Rai Airport,Thailand,Southeast Asia
CGK,106.656,-6.1256,Jakarta Soekarno Hatta Airport,Indonesia ,Southeast Asia
CGO,113.8411,34.51944,Zhengzhou Xinzheng Airport,China,China
CGQ,125.6869,43.9975,Changchun Longjia Airport,China,China
CKG,106.6414,29.71889,Chongqing Jiangbei Airport,China,China
CMB,79.8841,7.1808,Colombo Bandaranaike Airport,Sri Lanka,South Asia
CNX,98.9626,18.7668,Chiang Mai Airport,Thailand,Southeast Asia
CRK,120.56,15.186,Angeles City Clark Airport,Philippines,Southeast Asia
CSX,113.2197,28.18917,Changsha Huanghua Airport,China,China
CTU,103.9469,30.57861,Chengdu Shuangliu Airport,China,China
CXR,109.219,11.9982,Nha Trang Cam Ranh Airport,Viet Nam,Southeast Asia
CZX,119.7775,31.91944,Changzhou Benniu Airport,China,China
DAC,90.3978,23.8433,Dhaka Shahjalal Airport,Bangladesh,South Asia
DAD,108.199,16.0439,Da Nang Airport,Viet Nam,Southeast Asia
DAT,113.4822,40.06028,Datong Yungang Airport,China,China
DEL,77.1031,28.5665,Delhi Indira Gandhi Airport,India,South Asia
DLC,121.5389,38.96556,Dalian Zhoushuizi Airport,China,China
DME,37.9063,55.4088,Moscow Domodedovo Airport,Russia,East Europe
DMK,100.607,13.9126,Bangkok Don Mueang Airport,Thailand,Southeast Asia
DOH,51.6081,25.2731,Doha Hamad Airport,Qatar,West Asia & North Africa
DPS,115.167,-8.7482,Denpasar Airport,Indonesia ,Southeast Asia
DSN,109.8639,39.49167,Dongsheng Ordos Ejin Horo Airport,China,China
DXB,55.3644,25.2528,Dubai Airport,United Arab Emirates,West Asia & North Africa
DYU,68.825,38.5433,Dushanbe Airport,Tajikistan,Central Asia
ERL,112.0919,43.42389,Erenhot Saiwusu Airport,China,China
FOC,119.6636,25.935,Fuzhou Changle Airport,China,China
FRU,74.4776,43.0613,Bishkek Manas Airport,Kyrgyzstan,Central Asia
GYD,50.0467,40.4675,Baku Heydar Aliyev Airport,Azerbaijan,West Asia & North Africa
HAK,110.4589,19.93472,Haikou Meilan Airport,China,China
HAN,105.807,21.2212,Hanoi Noi Bai Airport,Viet Nam,Southeast Asia
HDY,100.393,6.9332,Hat Yai Airport,Thailand,Southeast Asia
HET,111.8244,40.84972,Hohhot Baita Airport,China,China
HFE,116.9767,31.98833,Hefei Xinqiao Airport,China,China
HGH,120.4344,30.22944,Hangzhou Xiaoshan Airport,China,China
HIA,119.125,33.79083,Huai'an Lianshui Airport,China,China
HKG,113.915,22.3089,Hong Kong Airport,China,China
HKT,98.3169,8.1132,Phuket Airport,Thailand,Southeast Asia
HLD,119.8281,49.20611,Hailar Hulunbuir Airport,China,China
HRB,126.2503,45.62361,Harbin Taiping Airport,China,China
HTA,113.306,52.0263,Chita Kadala Airport,Russia,East Europe
HYD,78.4299,17.2313,Hyderabad Rajiv Gandhi Airport,India,South Asia
IKA,51.1522,35.4161,Tehran Imam Khomeini Airport,Iran,West Asia & North Africa
IKT,104.389,52.268,Irkutsk Airport,Russia,East Europe
ILO,122.4934,10.833,Iloilo Airport,Philippines,Southeast Asia
INC,106.3933,38.32278,Yinchuan Hedong Airport,China,China
ISB,73.0992,33.6167,Islamabad Benazir Bhutto Airport,Pakistan,South Asia
IST,28.8146,40.9769,Istanbul Ataturk Airport,Turkey,West Asia & North Africa
JED,39.1565,21.6796,Jeddah King Abdulaziz Airport,Saudi Arabia,West Asia & North Africa
JHB,103.67,1.6413,Johor Bahru Senai Airport,Malaysia,Southeast Asia
JHG,100.7625,21.97361,Jinghong Xishuangbanna Gasa Airport,China,China
JJN,118.5892,24.79722,Quanzhou Jinjiang Airport,China,China
KBL,69.2123,34.5659,Kabul Airport,Afghanistan,South Asia
KBP,30.8947,50.345,Kiev Boryspil Airport,Ukraine,East Europe
KBV,98.9862,8.0991,Krabi Airport,Thailand,Southeast Asia
KHH,120.35,22.5771,Kaohsiung  Airport,China,China
KHN,115.9014,28.86222,Nanchang Changbei Airport,China,China
KHV,135.188,48.528,Khabarovsk Novy Airport,Russia,East Europe
KJA,92.4933,56.1729,Krasnoyarsk Yemelyanovo Airport,Russia,East Europe
KLO,122.376,11.6794,Kalibo Airport,Philippines,Southeast Asia
KMG,102.9431,25.10389,Kunming Changshui Airport,China,China
KOS,103.637,10.5797,Sihanoukville Airport,Cambodia,Southeast Asia
KTM,85.3591,27.6966,Kathmandu Tribhuvan Airport,Nepal,South Asia
KUL,101.71,2.7456,Kuala Lumpur Airport,Malaysia,Southeast Asia
KWE,106.8011,26.53833,Guiyang Longdongbao Airport,China,China
KWL,110.0394,25.21806,Guilin Liangjiang Airport,China,China
LAO,120.532,18.1781,Laoag City Airport,Philippines,Southeast Asia
LBD,69.6947,40.2154,Khudzhand Khujand Airport,Tajikistan,Central Asia
LED,30.2625,59.8003,St. Petersburg Pulkovo Airport,Russia,East Europe
LGK,99.7287,6.3297,Langkawi Airport,Malaysia,Southeast Asia
LHE,74.4036,31.5216,Lahore Allama Iqbal Airport,Pakistan,South Asia
LHW,103.6208,36.51528,Lanzhou Zhongchuan Airport,China,China
LPQ,102.161,19.8973,Luang Prabang Airport,Lao?People's Democratic Republic,Southeast Asia
LXA,90.91222,29.29806,Lhasa Gonggar Airport,China,China
LYA,112.3878,34.74139,Luoyang Beijiao Airport,China,China
MAA,80.1693,12.99,Chennai Airport,India,South Asia
MCT,58.2844,23.5933,Muscat Airport,Oman,West Asia & North Africa
MDC,124.926,1.5493,Manado Sam Ratulangi Airport,Indonesia ,Southeast Asia
MDL,95.9779,21.7022,Mandalay Airport,Myanmar,Southeast Asia
MFM,113.577,22.1588,Aeroporto Internacional de MacauAirport,China,China
MLE,73.5291,4.1918,Male Velana Airport,Maldives,South Asia
MNL,121.02,14.5086,Manila Ninoy Aquino Airport,Philippines,Southeast Asia
MSQ,28.0307,53.8825,Minsk Airport,Belarus,East Europe
NGB,121.465,29.825,Ningbo Lishe Airport,China,China
NKG,118.8619,31.74222,Nanjing Lukou Airport,China,China
NNG,108.1725,22.60833,Nanning Wuxu Airport,China,China
NTG,120.9803,32.06972,Nantong Xingdong Airport,China,China
NYT,96.201,19.6235,Naypyidaw Airport,Myanmar,Southeast Asia
NZH,117.3322,49.56611,Manzhouli Xijiao Airport,China,China
OVB,82.6507,55.0126,Novosibirsk Tolmachevo Airport,Russia,East Europe
PEK,116.5975,40.0725,Beijing Capital Airport,China,China
PEN,100.277,5.2971,Penang Airport,Malaysia,Southeast Asia
PNH,104.844,11.5466,Phnom Penh Airport,Cambodia,Southeast Asia
PPS,118.759,9.7421,Puerto Princesa City Airport,Philippines,Southeast Asia
PQC,103.9931,10.1698,Phu Quoc Airport,Viet Nam,Southeast Asia
PRG,14.26,50.1008,Prague Vaclav Havel Airport,Czech Republic,East Europe
PVG,121.7925,31.14417,Shanghai Pudong Airport,China,China
REP,103.813,13.4107,Siem Reap Airport,Cambodia,Southeast Asia
RGN,96.1332,16.9073,Yangon Airport,Myanmar,Southeast Asia
RMQ,120.621,24.2647,Baicheng Chang'an Airport,China,China
RUH,46.6988,24.9576,Riyadh King Khalid Airport,Saudi Arabia,West Asia & North Africa
SGN,106.652,10.8188,Ho Chi Minh City Airport,Viet Nam,Southeast Asia
SHE,123.4833,41.64,Shenyang Taoxian Airport,China,China
SHJ,55.5172,25.3286,Sharjah Airport,United Arab Emirates,West Asia & North Africa
SIN,103.994,1.3502,Singapore Changi Airport,Singapore,Southeast Asia
SJW,114.6972,38.28083,Shijiazhuang Zhengding Airport,China,China
SUB,112.787,-7.3798,Surabaya Juanda Airport,Indonesia ,Southeast Asia
SVO,37.4146,55.9726,Moscow Sheremetyevo Airport,Russia,East Europe
SVX,60.8027,56.7431,Yekaterinburg Koltsovo Airport,Russia,East Europe
SWA,116.5033,23.55194,Jieyang Chaoshan Airport,China,China
SYX,109.4122,18.30306,Sanya Phoenix Airport,China,China
SZX,113.8106,22.63917,Shenzhen Bao'an Airport,China,China
TAO,120.3744,36.26611,Qingdao Liuting Airport,China,China
TAS,69.2812,41.2579,Tashkent Airport,Uzbekistan,Central Asia
TBS,44.9547,41.6692,Tbilisi Airport,Georgia,West Asia & North Africa
TLV,34.8867,32.0114,Tel Aviv Ben Gurion Airport,Israel,West Asia & North Africa
TNA,117.2161,36.85722,Jinan Yaoqiang Airport,China,China
TPE,121.233,25.0777,Taiwan Taoyuan Airport,China,China
TSE,71.4669,51.0222,Astana Airport,Kazakhstan,Central Asia
TSN,117.3461,39.12444,Tianjin Binhai Airport,China,China
TYN,112.6286,37.74667,Taiyuan Wusu Airport,China,China
ULN,106.767,47.8431,Ulan Bator Chinggis Khaan Airport,Mongolia,East Asia
URC,87.47417,43.90722,Urumqi Diwopu Airport,China,China
URT,99.1356,9.1326,Surat Thani Airport,Thailand,Southeast Asia
USM,100.062,9.5478,Koh Samui Airport,Thailand,Southeast Asia
UTP,101.005,12.6799,Rayong Pattaya U-Tapao Airport,Thailand,Southeast Asia
UUD,107.438,51.8078,Ulan-Ude Airport,Russia,East Europe
VKO,37.2615,55.5915,Moscow Vnukovo Airport,Russia,East Europe
VTE,102.563,17.9883,Vientiane Wattay Airport,Lao People's Democratic Republic,Southeast Asia
VVO,132.148,43.399,Vladivostok Airport,Russia,East Europe
WAW,20.9671,52.1657,Warsaw Chopin Airport,Poland,East Europe
WNZ,120.8517,27.91278,Wenzhou Longwan Airport,China,China
WUH,114.2081,30.78361,Wuhan Tianhe Airport,China,China
WUX,120.4294,31.49472,Wuxi Sunan Shuofang Airport,China,China
XIY,108.7522,34.44694,Xi'an Xianyang Airport,China,China
XMN,118.1278,24.54417,Xiamen Gaoqi Airport,China,China
XNN,102.0431,36.5275,Xining Caojiabao Airport,China,China
XUZ,117.5564,34.05944,Xuzhou Guanyin Airport,China,China
YCU,111.0347,35.11722,Yuncheng Guangong Airport,China,China
YKS,129.771,62.0933,Yakutsk Airport,Russia,East Europe
YTY,119.7197,32.56333,Yangzhou Taizhou Airport,China,China
ZHA,110.3578,21.21694,Zhanjiang Airport,China,China
ZYI,107.2461,27.81111,Zunyi Xinzhou Airport,China,China
